Player,Age,Tm,Pos,G,GS,MP,PER,TS%,USG%,OWS,DWS,WS,WS/48,OBPM,DBPM,BPM,VORP,ContractTm,2025-26,2026-27,2027-28,2028-29,2029-30,2030-31,Guaranteed
James Harden,36.0,2TM,PG,70.0,70.0,2438.0,20.7,0.61,28.6,5.6,2.1,7.7,0.151,4.6,-0.8,3.9,3.6,CLE,39182693.0,42317307.0,,,,,
CJ McCollum,34.0,2TM,PG,76.0,60.0,2264.0,15.9,0.566,25.7,1.9,1.0,3.0,0.063,1.4,-1.7,-0.3,1.0,ATL,30666666.0,,,,,,30666666.0
Ayo Dosunmu,26.0,2TM,SG,69.0,19.0,1881.0,16.5,0.63,20.2,3.5,1.3,4.9,0.124,1.3,-0.3,1.0,1.4,MIN,7518518.0,,,,,,7518518.0
Nikola VuÄeviÄ,35.0,2TM,C,64.0,49.0,1818.0,17.7,0.574,21.4,2.5,1.9,4.4,0.116,1.4,0.1,1.5,1.6,BOS,21481481.0,,,,,,21481481.0
Dennis SchrÃ¶der,32.0,2TM,PG,70.0,17.0,1697.0,12.9,0.526,21.0,0.8,0.7,1.5,0.043,-0.9,-1.3,-2.2,-0.1,CLE,14104000.0,14809200.0,15514400.0,,,,28913200.0
Luke Kennard,29.0,2TM,SG,78.0,6.0,1681.0,13.5,0.689,13.5,3.2,1.4,4.5,0.13,0.1,0.1,0.1,0.9,LAL,11000000.0,,,,,,11000000.0
Bennedict Mathurin,23.0,2TM,SF,54.0,25.0,1620.0,14.7,0.575,25.2,1.0,1.1,2.1,0.062,-1.1,-1.4,-2.5,-0.2,LAC,9187573.0,,,,,,9187573.0
Collin Sexton,27.0,2TM,SG,68.0,22.0,1614.0,17.4,0.615,25.9,2.5,1.4,3.9,0.117,1.1,-0.5,0.6,1.1,CHI,18975000.0,,,,,,18975000.0
Kevin Huerter,27.0,2TM,SF,69.0,14.0,1549.0,13.2,0.552,18.8,0.8,1.7,2.5,0.078,-1.1,0.5,-0.6,0.6,DET,17991071.0,,,,,,17991071.0
Jock Landale,30.0,2TM,C,68.0,27.0,1506.0,16.6,0.595,18.3,2.7,1.1,3.8,0.122,0.9,-1.0,-0.1,0.7,ATL,2296274.0,,,,,,2296274.0
Keon Ellis,26.0,2TM,SG,72.0,11.0,1478.0,10.8,0.579,13.0,1.0,1.2,2.2,0.072,-1.8,1.3,-0.5,0.6,CLE,2301587.0,,,,,,2301587.0
Jaren Jackson Jr.,26.0,2TM,C,48.0,48.0,1454.0,15.7,0.576,26.2,0.1,1.3,1.4,0.047,-1.1,0.5,-0.6,0.5,UTA,35000000.0,49000000.0,50500000.0,52000000.0,53500000.0,,186500000.0
Ivica Zubac,28.0,2TM,C,48.0,47.0,1446.0,18.6,0.622,19.2,2.6,1.6,4.2,0.139,0.7,-0.9,-0.3,0.6,IND,18893980.0,20342140.0,21790300.0,,,,61026420.0
Khris Middleton,34.0,2TM,SF,63.0,50.0,1439.0,10.9,0.533,20.6,-0.3,0.5,0.3,0.008,-2.8,-1.5,-4.4,-0.9,DAL,33296296.0,,,,,,33296296.0
Walter Clayton,22.0,2TM,PG,69.0,6.0,1410.0,10.3,0.523,18.5,0.0,0.3,0.3,0.009,-2.2,-2.1,-4.3,-0.8,MEM,3991320.0,4190520.0,4390320.0,6752312.0,,,8181840.0
VÃ­t KrejÄÃ­,25.0,2TM,PG,65.0,8.0,1392.0,11.1,0.609,14.6,1.5,1.3,2.9,0.099,-1.5,0.0,-1.6,0.1,POR,2349578.0,2667944.0,3005085.0,,,,
Anfernee Simons,26.0,2TM,SG,55.0,5.0,1372.0,14.4,0.576,23.6,1.8,1.1,2.9,0.101,1.2,-1.3,-0.1,0.7,CHI,27678571.0,,,,,,27678571.0
Jose Alvarado,27.0,2TM,PG,69.0,3.0,1370.0,12.1,0.543,16.8,1.0,1.2,2.2,0.077,-1.3,0.3,-1.0,0.3,NYK,4500000.0,4500000.0,,,,,4500000.0
Darius Garland,26.0,2TM,PG,45.0,43.0,1344.0,17.1,0.582,27.4,1.7,0.9,2.6,0.092,2.2,-2.4,-0.2,0.6,LAC,39446090.0,42166510.0,44886930.0,,,,126499530.0
Coby White,25.0,2TM,SG,50.0,26.0,1249.0,16.1,0.595,28.8,1.2,0.7,2.0,0.076,0.6,-1.9,-1.3,0.2,CHO,12888889.0,,,,,,12888889.0
Marvin Bagley III,26.0,2TM,PF,60.0,12.0,1201.0,20.2,0.661,18.6,3.0,0.8,3.8,0.15,1.8,-1.0,0.8,0.8,DAL,2296274.0,,,,,,2296274.0
De'Andre Hunter,28.0,2TM,SF,45.0,25.0,1176.0,11.4,0.545,22.9,0.1,1.0,1.1,0.044,-2.5,-1.5,-3.9,-0.6,SAC,23303571.0,24910714.0,,,,,48214285.0
Jared McCain,21.0,2TM,SG,67.0,3.0,1160.0,11.6,0.551,20.7,0.2,1.2,1.5,0.06,-1.6,-0.8,-2.4,-0.1,OKC,4221360.0,4422600.0,6784268.0,,,,8643960.0
Taylor Hendricks,22.0,2TM,PF,59.0,17.0,1118.0,12.2,0.566,16.2,0.4,0.8,1.1,0.049,-1.5,-0.9,-2.4,-0.1,MEM,6127080.0,7805900.0,,,,,13932980.0
John Konchar,29.0,2TM,SG,56.0,8.0,1115.0,13.6,0.568,9.4,1.2,1.2,2.4,0.104,-1.3,2.2,0.9,0.8,UTA,6165000.0,6165000.0,,,,,12330000.0
Ousmane Dieng,22.0,2TM,C,57.0,20.0,1099.0,10.2,0.516,19.7,-0.6,0.9,0.3,0.012,-2.6,-1.2,-3.8,-0.5,MIL,6670882.0,,,,,,6670882.0
Corey Kispert,26.0,2TM,SF,58.0,10.0,1080.0,13.1,0.609,18.6,1.4,0.5,1.8,0.082,0.1,-2.0,-1.9,0.0,ATL,13975000.0,13975000.0,13050000.0,13050000.0,,,41000000.0
Rayan Rupert,21.0,2TM,SG,64.0,8.0,1072.0,8.2,0.493,15.0,-0.5,1.1,0.6,0.026,-5.0,-0.1,-5.1,-0.8,MEM,2353647.0,,,,,,131970.0
Guerschon Yabusele,30.0,2TM,C,67.0,19.0,1007.0,11.1,0.543,16.1,0.4,1.0,1.4,0.067,-1.7,-0.5,-2.2,-0.1,CHI,5500000.0,,,,,,5500000.0
Tyus Jones,29.0,3TM,PG,67.0,12.0,979.0,8.3,0.448,10.7,0.2,0.8,1.0,0.051,-2.9,0.5,-2.4,-0.1,DAL,7000000.0,,,,,,7000000.0
Ochai Agbaji,25.0,2TM,SG,62.0,13.0,973.0,8.9,0.525,14.6,0.1,0.8,0.9,0.046,-3.5,-0.5,-4.0,-0.5,BRK,6383525.0,,,,,,6383525.0
Rob Dillingham,21.0,2TM,PG,65.0,0.0,970.0,7.7,0.469,23.1,-2.0,0.9,-1.1,-0.056,-6.3,-0.9,-7.3,-1.3,CHI,6576120.0,6889320.0,8763216.0,,,,13465440.0
Kobe Brown,26.0,2TM,PF,61.0,10.0,963.0,12.0,0.594,15.6,0.8,0.6,1.3,0.066,-1.2,-1.4,-2.7,-0.2,IND,2654880.0,4792059.0,,,,,2654880.0
Isaiah Jackson,24.0,2TM,C,55.0,14.0,908.0,17.3,0.653,16.2,1.4,1.2,2.6,0.139,-1.9,0.8,-1.2,0.2,LAC,7600000.0,7000000.0,6400000.0,,,,21000000.0
Jaden Hardy,23.0,2TM,SG,57.0,4.0,898.0,10.9,0.566,24.4,-0.3,0.1,-0.2,-0.01,-1.5,-3.3,-4.8,-0.6,WAS,6000000.0,6000000.0,6000000.0,,,,12000000.0
Cam Thomas,24.0,2TM,SG,42.0,8.0,881.0,12.6,0.53,30.3,-0.5,0.1,-0.4,-0.024,-1.2,-3.9,-5.2,-0.7,MIL,6837779.0,,,,,,844607.0
Gabe Vincent,29.0,2TM,PG,53.0,7.0,879.0,6.5,0.511,12.3,0.1,0.5,0.6,0.035,-3.8,-0.5,-4.3,-0.5,ATL,11500000.0,,,,,,11500000.0
Jevon Carter,30.0,2TM,PG,53.0,1.0,867.0,10.7,0.537,17.0,0.1,0.8,0.9,0.052,-1.4,0.4,-1.1,0.2,ORL,7680524.0,,,,,,871000.0
Kyle Anderson,32.0,3TM,SF,43.0,5.0,853.0,13.7,0.573,13.2,1.0,0.8,1.9,0.105,-1.3,1.7,0.4,0.5,MEM,9219512.0,,,,,,9219512.0
Josh Minott,23.0,2TM,PF,49.0,11.0,834.0,16.0,0.653,16.8,1.2,1.2,2.4,0.139,1.4,1.1,2.5,1.0,BRK,2378870.0,2584539.0,,,,,2378870.0
Jonathan Kuminga,23.0,2TM,PF,36.0,14.0,830.0,14.2,0.557,23.4,0.1,0.9,1.0,0.059,-1.5,-0.5,-2.0,0.0,ATL,23799569.0,24300000.0,,,,,23799569.0
Vince Williams Jr.,25.0,2TM,SG,40.0,12.0,820.0,10.7,0.478,19.5,-0.4,0.5,0.1,0.008,-1.5,0.5,-1.0,0.2,UTA,2301587.0,,,,,,2301587.0
Buddy Hield,33.0,2TM,SG,51.0,3.0,819.0,12.8,0.568,20.3,0.2,0.8,1.0,0.06,-0.9,-0.1,-1.0,0.2,ATL,9219512.0,9658536.0,10097560.0,,,,18878048.0
Tyrese Martin,26.0,2TM,SG,46.0,6.0,777.0,10.3,0.501,18.4,-0.3,0.4,0.1,0.006,-2.0,-1.4,-3.4,-0.3,BRK,2191897.0,,,,,,2191897.0
Kristaps PorziÅÄ£is,30.0,2TM,C,32.0,23.0,769.0,19.6,0.582,27.3,1.4,1.0,2.4,0.148,1.6,0.3,1.9,0.8,GSW,30731707.0,,,,,,30731707.0
Leonard Miller,22.0,2TM,SF,46.0,12.0,719.0,15.9,0.633,18.7,1.0,0.6,1.6,0.105,-0.2,-1.1,-1.3,0.1,CHI,2221677.0,2406205.0,,,,,
Nick Richards,28.0,2TM,C,48.0,6.0,701.0,11.9,0.562,18.2,-0.2,0.8,0.6,0.04,-4.9,-1.2,-6.1,-0.7,CHI,5000000.0,,,,,,
Jaden Ivey,23.0,2TM,SG,37.0,5.0,670.0,13.0,0.571,19.7,0.5,0.9,1.3,0.096,-0.2,0.2,0.0,0.3,CHI,10107163.0,,,,,,10107163.0
Dalen Terry,23.0,2TM,SG,48.0,0.0,551.0,11.6,0.523,14.8,0.2,0.6,0.7,0.063,-2.4,0.8,-1.7,0.0,NOP,5399118.0,,,,,,5399118.0
Trayce Jackson-Davis,25.0,2TM,C,53.0,1.0,496.0,16.6,0.578,15.3,0.8,0.7,1.4,0.138,-0.8,0.4,-0.4,0.2,TOR,2221677.0,2406205.0,,,,,
Amir Coffey,28.0,2TM,SG,46.0,3.0,490.0,10.2,0.594,11.9,0.6,0.2,0.8,0.083,-2.2,-0.9,-3.1,-0.1,PHO,2296274.0,,,,,,2296274.0
Jeremy Sochan,22.0,2TM,PF,44.0,0.0,469.0,12.2,0.563,14.6,0.5,0.7,1.2,0.12,-2.3,1.1,-1.2,0.1,NYK,7874853.0,,,,,,778622.0
AJ Johnson,21.0,2TM,SG,48.0,0.0,454.0,5.6,0.413,20.6,-1.0,0.1,-0.9,-0.09,-6.4,-2.5,-8.9,-0.8,DAL,3090480.0,3237120.0,5493394.0,,,,6327600.0
Tony Bradley,28.0,2TM,C,41.0,4.0,450.0,12.8,0.596,14.5,0.7,0.2,0.9,0.099,-2.5,-1.7,-4.2,-0.3,IND,3204816.0,,,,,,3204816.0
Julian Phillips,22.0,2TM,SF,48.0,2.0,428.0,9.3,0.534,13.9,0.1,0.3,0.5,0.051,-3.3,-0.3,-3.6,-0.2,MIN,2221677.0,2406205.0,,,,,2221677.0
Trae Young,27.0,2TM,PG,15.0,15.0,384.0,21.1,0.612,28.1,1.2,0.2,1.4,0.174,4.2,-1.4,2.8,0.5,WAS,46394100.0,48967380.0,,,,,46394100.0
Jeremiah Robinson-Earl,25.0,2TM,PF,22.0,3.0,361.0,9.3,0.468,14.1,0.0,0.3,0.2,0.03,-3.5,-1.7,-5.2,-0.3,DAL,131970.0,,,,,,131970.0
Christian Koloko,25.0,3TM,C,27.0,4.0,357.0,8.8,0.453,11.3,-0.2,0.4,0.3,0.038,-5.9,1.2,-4.7,-0.2,MEM,263940.0,,,,,,263940.0
KJ Simpson,23.0,2TM,PG,20.0,2.0,257.0,8.1,0.426,21.8,-0.5,0.3,-0.1,-0.023,-5.4,0.4,-5.1,-0.2,,,,,,,,
PJ Hall,23.0,2TM,C,19.0,2.0,214.0,15.9,0.599,17.3,0.3,0.3,0.6,0.125,-1.6,-0.7,-2.3,0.0,,,,,,,,
RayJ Dennis,24.0,3TM,PG,17.0,0.0,206.0,6.2,0.425,21.4,-0.4,0.1,-0.3,-0.072,-4.7,-1.3,-6.0,-0.2,,,,,,,,
Chris Youngblood,23.0,2TM,SG,34.0,0.0,185.0,10.4,0.527,16.2,0.2,0.3,0.5,0.117,-2.2,-0.1,-2.3,0.0,,,,,,,,
Xavier Tillman Sr.,27.0,2TM,C,30.0,1.0,183.0,11.0,0.461,13.1,0.0,0.3,0.3,0.077,-2.8,1.0,-1.8,0.0,CHO,2546675.0,,,,,,2546675.0
Mason Plumlee,35.0,2TM,C,20.0,3.0,172.0,13.0,0.769,7.9,0.2,0.3,0.5,0.146,-2.0,2.6,0.5,0.1,SAS,3022108.0,,,,,,725834.0
Charles Bassey,25.0,4TM,C,13.0,0.0,153.0,22.7,0.681,17.2,0.4,0.2,0.7,0.211,1.4,0.5,1.9,0.2,MEM,263940.0,,,,,,131970.0
Mac McClung,27.0,2TM,SG,11.0,0.0,135.0,10.4,0.501,23.6,-0.2,0.1,0.0,-0.007,-5.6,0.5,-5.1,-0.1,IND,164060.0,,,,,,164060.0
Patrick Baldwin Jr.,23.0,3TM,SF,9.0,1.0,102.0,11.8,0.549,14.7,0.0,0.1,0.1,0.05,-2.9,-1.5,-4.4,-0.1,LAC,263940.0,,,,,,131970.0
Keshon Gilbert,22.0,2TM,SG,4.0,0.0,74.0,8.5,0.564,13.0,0.0,0.0,0.0,-0.005,-4.1,-0.4,-4.6,0.0,WAS,73153.0,,,,,,73153.0
Dalano Banton,26.0,2TM,PG,6.0,0.0,62.0,7.0,0.436,15.3,-0.1,0.1,-0.1,-0.044,-5.3,1.3,-4.0,0.0,BOS,263940.0,,,,,,131970.0
Riley Minix,25.0,2TM,SF,9.0,0.0,58.0,19.1,0.72,19.8,0.1,0.1,0.2,0.162,1.9,-0.1,1.8,0.1,,,,,,,,
Mo Bamba,27.0,2TM,C,4.0,0.0,44.0,12.9,0.455,12.2,0.0,0.0,0.1,0.056,-4.3,-3.6,-8.0,-0.1,UTA,458711.0,,,,,,263940.0
Isaac Jones,25.0,2TM,PF,7.0,1.0,36.0,6.4,0.514,11.3,0.0,0.0,0.0,0.038,-5.9,-2.2,-8.1,-0.1,DET,1955377.0,,,,,,1955377.0
Amen Thompson,23.0,HOU,PG,79.0,79.0,2953.0,18.9,0.594,20.0,6.5,3.8,10.3,0.167,1.6,1.0,2.6,3.4,HOU,9690600.0,12258609.0,,,,,21949209.0
Kevin Durant,37.0,HOU,SF,78.0,78.0,2840.0,21.1,0.641,27.1,7.5,3.2,10.7,0.18,4.4,0.1,4.5,4.7,HOU,54708609.0,43902439.0,46097561.0,,,,98611048.0
Desmond Bane,27.0,ORL,SG,82.0,82.0,2756.0,16.9,0.607,23.3,4.8,2.6,7.4,0.129,1.6,-0.2,1.4,2.3,ORL,36725670.0,39446090.0,42166510.0,44886930.0,,,163225200.0
Toumani Camara,25.0,POR,PF,82.0,82.0,2731.0,11.3,0.578,16.3,2.1,2.7,4.8,0.084,-1.0,0.0,-1.0,0.7,POR,2221677.0,18080358.0,19526786.0,20973214.0,22419642.0,,83221677.0
Jabari Smith Jr.,22.0,HOU,PF,77.0,77.0,2705.0,13.5,0.57,18.2,3.4,3.3,6.6,0.118,-0.5,-0.2,-0.7,0.9,HOU,12350392.0,23643411.0,21751940.0,23643411.0,25534883.0,27426355.0,134350392.0
Mikal Bridges,29.0,NYK,SF,82.0,82.0,2692.0,15.3,0.587,17.3,4.7,3.3,8.0,0.143,1.3,1.4,2.7,3.2,NYK,24900000.0,33482145.0,36160714.0,38839285.0,41517856.0,,133382144.0
Scottie Barnes,24.0,TOR,PF,80.0,80.0,2681.0,19.2,0.577,23.4,3.3,4.5,7.8,0.14,1.9,2.3,4.2,4.2,TOR,38661750.0,41754690.0,44847630.0,47940570.0,51033510.0,,224238150.0
Tyrese Maxey,25.0,PHI,PG,70.0,70.0,2661.0,21.9,0.588,29.4,5.9,2.8,8.7,0.156,5.0,0.5,5.4,4.9,PHI,37958760.0,40770520.0,43582280.0,46394040.0,,,168705600.0
Jamal Murray,28.0,DEN,PG,75.0,75.0,2652.0,21.8,0.622,27.9,7.8,1.7,9.5,0.173,5.5,-1.4,4.1,4.1,DEN,46394100.0,50105628.0,53817156.0,57528684.0,,,207845568.0
Derrick White,31.0,BOS,SG,77.0,77.0,2625.0,16.0,0.529,22.0,3.5,3.5,7.0,0.129,2.2,1.0,3.2,3.5,BOS,28100000.0,30348000.0,32596000.0,34844000.0,,,91044000.0
VJ Edgecombe,20.0,PHI,SG,75.0,75.0,2623.0,14.0,0.54,20.1,1.9,2.5,4.4,0.081,-0.4,-0.1,-0.5,1.0,PHI,11108880.0,11663880.0,12219720.0,15445727.0,,,22772760.0
Julius Randle,31.0,MIN,PF,79.0,79.0,2610.0,18.4,0.585,26.5,4.3,3.1,7.4,0.135,1.5,0.0,1.5,2.3,MIN,30864198.0,33333334.0,35802468.0,,,,64197532.0
Brandon Ingram,28.0,TOR,SF,77.0,77.0,2604.0,16.3,0.573,26.9,1.5,3.1,4.6,0.084,1.0,-0.5,0.5,1.7,TOR,38095238.0,40000000.0,41904762.0,,,,78095238.0
Nickeil Alexander-Walker,27.0,ATL,SG,78.0,71.0,2603.0,16.5,0.61,23.9,3.6,2.7,6.3,0.116,1.6,-0.4,1.2,2.1,ATL,15161800.0,14403710.0,15161800.0,15919890.0,,,44727310.0
Jalen Brunson,29.0,NYK,PG,74.0,74.0,2590.0,20.1,0.58,30.4,6.5,2.2,8.8,0.163,4.0,-0.9,3.1,3.3,NYK,34944001.0,37739521.0,40535041.0,43330561.0,,,113218563.0
Payton Pritchard,28.0,BOS,PG,79.0,50.0,2556.0,17.1,0.584,21.4,6.1,2.4,8.5,0.16,2.6,-0.3,2.3,2.8,BOS,7232143.0,7767857.0,8303571.0,,,,23303571.0
Kon Knueppel,20.0,CHO,SF,81.0,80.0,2551.0,17.1,0.633,22.3,5.6,2.5,8.0,0.151,3.1,-0.4,2.8,3.1,CHO,10015680.0,10516560.0,11017560.0,13937214.0,,,20532240.0
Jalen Johnson,24.0,ATL,SF,72.0,72.0,2532.0,20.4,0.581,27.0,3.6,3.9,7.5,0.141,2.8,1.4,4.2,4.0,ATL,30000000.0,30000000.0,30000000.0,30000000.0,30000000.0,,150000000.0
Dyson Daniels,22.0,ATL,SG,76.0,76.0,2520.0,15.5,0.542,16.0,3.1,3.6,6.6,0.126,-0.6,1.8,1.3,2.1,ATL,7707709.0,25000000.0,25000000.0,25000000.0,25000000.0,,107707709.0
Paolo Banchero,23.0,ORL,PF,72.0,72.0,2502.0,17.6,0.566,27.6,2.0,3.0,5.0,0.095,1.4,0.0,1.4,2.1,ORL,15334769.0,41500000.0,44820000.0,48140000.0,51460000.0,54780000.0,201254769.0
Donte DiVincenzo,29.0,MIN,SG,82.0,82.0,2494.0,12.5,0.567,16.9,2.3,2.9,5.2,0.1,0.0,0.7,0.8,1.7,MIN,11990000.0,12535000.0,,,,,24525000.0
Jaylen Brown,29.0,BOS,SF,71.0,71.0,2443.0,22.0,0.573,36.2,3.5,3.4,6.9,0.135,3.5,-0.1,3.3,3.3,BOS,53142264.0,57078728.0,61015192.0,64951656.0,,,236187840.0
DeMar DeRozan,36.0,SAC,PF,77.0,77.0,2406.0,17.8,0.594,22.8,5.2,0.4,5.6,0.112,0.9,-1.0,-0.1,1.1,SAC,24570000.0,25740000.0,,,,,24570000.0
Alperen ÅengÃ¼n,23.0,HOU,C,72.0,72.0,2398.0,21.4,0.569,26.6,4.4,3.6,8.0,0.161,2.7,1.5,4.2,3.7,HOU,33944954.0,35642202.0,37339450.0,39036697.0,39036697.0,,145963303.0
Miles Bridges,27.0,CHO,PF,77.0,77.0,2387.0,16.0,0.57,22.3,4.0,2.5,6.5,0.13,1.2,-0.1,1.1,1.9,CHO,25000000.0,22826087.0,,,,,47826087.0
Rudy Gobert,33.0,MIN,C,76.0,76.0,2380.0,17.5,0.664,12.9,4.8,4.0,8.7,0.176,0.0,0.9,1.0,1.8,MIN,35000000.0,36500000.0,38000000.0,,,,71500000.0
Ryan Rollins,23.0,MIL,PG,74.0,67.0,2376.0,16.2,0.583,24.2,1.7,1.8,3.4,0.069,0.7,-0.5,0.2,1.3,MIL,4000000.0,4000000.0,4000000.0,,,,8000000.0
Bam Adebayo,28.0,MIA,C,73.0,73.0,2365.0,18.7,0.551,25.0,2.8,3.6,6.4,0.129,1.5,0.4,2.0,2.4,MIA,37096620.0,49800000.0,53784000.0,57768000.0,,,140680620.0
Cooper Flagg,19.0,DAL,SF,70.0,70.0,2344.0,17.9,0.548,26.9,1.3,2.5,3.8,0.078,1.0,0.4,1.4,2.0,DAL,13825920.0,14517480.0,15208680.0,19178146.0,,,28343400.0
Donovan Mitchell,29.0,CLE,SG,70.0,70.0,2342.0,22.9,0.613,32.2,5.8,2.4,8.2,0.169,5.2,-0.2,5.1,4.2,CLE,46394100.0,50105628.0,53817156.0,,,,96499728.0
Trey Murphy III,25.0,NOP,SF,66.0,66.0,2341.0,18.3,0.613,22.7,4.5,1.6,6.0,0.123,3.0,-0.6,2.4,2.6,NOP,25000000.0,27000000.0,29000000.0,31000000.0,,,112000000.0
Brandin Podziemski,22.0,GSW,SG,82.0,43.0,2333.0,15.0,0.583,20.1,2.8,2.3,5.1,0.105,0.3,-0.1,0.2,1.3,GSW,3687960.0,5679459.0,,,,,9367419.0
Karl-Anthony Towns,30.0,NYK,C,75.0,75.0,2322.0,22.0,0.619,25.9,5.5,4.0,9.5,0.197,2.7,0.6,3.3,3.1,NYK,53142264.0,57078728.0,61015192.0,,,,110220992.0
Jaden McDaniels,25.0,MIN,PF,73.0,73.0,2316.0,14.0,0.611,18.5,2.5,2.7,5.2,0.109,-0.9,0.6,-0.3,1.0,MIN,24393104.0,26200001.0,28006898.0,29813790.0,,,108413793.0
Onyeka Okongwu,25.0,ATL,C,74.0,63.0,2297.0,15.9,0.592,19.5,2.6,3.3,6.0,0.125,-0.1,0.8,0.7,1.6,ATL,15000000.0,16120000.0,16880000.0,,,,48000000.0
Luka DonÄiÄ,26.0,LAL,PG,64.0,64.0,2289.0,27.9,0.616,38.1,6.6,2.9,9.5,0.199,8.0,1.3,9.3,6.6,LAL,45999660.0,49800000.0,53784000.0,57768000.0,,,149583660.0
Wendell Carter Jr.,26.0,ORL,C,78.0,78.0,2288.0,14.1,0.617,15.6,3.4,2.8,6.2,0.131,-1.0,0.5,-0.6,0.8,ORL,10850000.0,18102000.0,19550160.0,20998320.0,,,48502160.0
Collin Gillespie,26.0,PHO,PG,80.0,58.0,2282.0,15.3,0.575,18.7,3.6,2.5,6.2,0.13,1.9,0.6,2.5,2.6,PHO,2296274.0,,,,,,2296274.0
Bub Carrington,20.0,WAS,PG,82.0,48.0,2271.0,9.9,0.556,18.0,-0.3,-0.1,-0.4,-0.009,-2.2,-2.5,-4.7,-1.6,WAS,4677600.0,4900560.0,7257730.0,,,,9578160.0
A.J. Green,26.0,MIL,SG,78.0,68.0,2270.0,9.4,0.627,14.0,2.0,0.4,2.4,0.05,-1.5,-1.8,-3.3,-0.8,MIL,2301587.0,10044644.0,10848215.0,11651786.0,12455355.0,,47301587.0
Julian Champagnie,24.0,SAS,SF,82.0,68.0,2266.0,13.1,0.609,15.2,2.8,3.4,6.2,0.132,0.5,0.8,1.4,1.9,SAS,3000000.0,3000000.0,,,,,
Nikola JokiÄ,30.0,DEN,C,65.0,65.0,2265.0,32.3,0.67,30.4,11.5,3.4,14.9,0.316,10.1,4.1,14.2,9.2,DEN,55224526.0,59033114.0,62841702.0,,,,114257640.0
Shai Gilgeous-Alexander,27.0,OKC,PG,68.0,68.0,2259.0,30.8,0.665,33.4,11.1,4.1,15.2,0.323,8.7,3.0,11.7,7.8,OKC,38333050.0,40806150.0,61005000.0,65885400.0,70765800.0,75646200.0,276795400.0
Matas Buzelis,21.0,CHI,PF,77.0,77.0,2248.0,14.8,0.586,22.8,0.4,2.1,2.6,0.055,-0.6,-0.4,-1.0,0.5,CHI,5455560.0,5715360.0,7584283.0,,,,11170920.0
Saddiq Bey,26.0,NOP,SF,72.0,64.0,2246.0,17.1,0.579,21.6,4.5,1.0,5.4,0.116,2.3,-1.8,0.5,1.4,NOP,6118644.0,6440678.0,,,,,12559322.0
Max Christie,22.0,DAL,SG,77.0,68.0,2244.0,11.0,0.601,16.5,1.3,1.4,2.7,0.058,-1.0,-0.6,-1.5,0.3,DAL,7714286.0,8285714.0,8857143.0,,,,16000000.0
De'Aaron Fox,28.0,SAS,PG,72.0,72.0,2231.0,17.6,0.578,24.9,3.4,3.0,6.4,0.138,1.5,0.6,2.2,2.4,SAS,37096620.0,49800000.0,53784000.0,57768000.0,61752000.0,,260200620.0
Immanuel Quickley,26.0,TOR,PG,70.0,70.0,2231.0,16.6,0.577,21.1,3.9,2.6,6.5,0.14,1.9,0.6,2.4,2.5,TOR,32500000.0,32500000.0,32500000.0,32500000.0,,,130000000.0
Kris Dunn,31.0,LAC,PG,82.0,68.0,2230.0,11.3,0.581,12.4,1.7,2.3,4.0,0.085,-2.3,1.5,-0.8,0.6,LAC,5426400.0,5684800.0,,,,,5426400.0
OG Anunoby,28.0,NYK,PF,67.0,67.0,2224.0,15.8,0.62,19.7,3.1,3.2,6.3,0.135,0.9,1.1,2.0,2.3,NYK,39568966.0,42500000.0,45431034.0,48362068.0,,,127500000.0
Royce O'Neale,32.0,PHO,SF,78.0,67.0,2213.0,11.6,0.596,14.3,1.9,2.7,4.6,0.1,-0.3,1.0,0.7,1.5,PHO,10125000.0,10875000.0,11625000.0,,,,32625000.0
Quentin Grimes,25.0,PHI,SG,75.0,19.0,2206.0,12.9,0.585,19.0,1.9,1.7,3.6,0.078,-0.9,-0.6,-1.6,0.2,PHI,8741209.0,,,,,,8741209.0
Deni Avdija,25.0,POR,SF,66.0,66.0,2199.0,20.3,0.6,29.3,4.5,2.4,7.0,0.152,3.7,0.6,4.3,3.5,POR,14375000.0,13125000.0,11875000.0,,,,39375000.0
Naji Marshall,28.0,DAL,SF,74.0,47.0,2184.0,15.4,0.592,20.5,2.5,1.8,4.3,0.095,-0.7,0.1,-0.6,0.8,DAL,9000000.0,9428571.0,,,,,18428571.0
Cade Cunningham,24.0,DET,PG,64.0,64.0,2172.0,21.6,0.564,30.5,4.2,3.6,7.9,0.174,4.8,1.5,6.3,4.6,DET,46394100.0,50105628.0,53817156.0,57528684.0,61240212.0,,269085780.0
Reed Sheppard,21.0,HOU,SG,82.0,21.0,2147.0,15.7,0.564,21.7,2.7,3.1,5.9,0.131,1.2,1.5,2.7,2.5,HOU,10603560.0,11108880.0,14041625.0,,,,21712440.0
Devin Booker,29.0,PHO,SG,64.0,64.0,2146.0,20.4,0.585,32.2,4.7,1.8,6.5,0.145,3.2,-1.0,2.2,2.3,PHO,53142264.0,57078728.0,61015192.0,64065952.0,69191228.0,,235302136.0
Anthony Edwards,24.0,MIN,SG,61.0,60.0,2137.0,21.8,0.617,31.5,3.9,2.7,6.5,0.147,4.7,-0.1,4.5,3.5,MIN,45550512.0,48924624.0,52298736.0,55672848.0,,,202446720.0
Tim Hardaway Jr.,33.0,DEN,SG,80.0,6.0,2127.0,13.5,0.624,18.5,3.5,1.0,4.4,0.1,1.3,-1.9,-0.7,0.7,DEN,2296274.0,,,,,,2296274.0
Jaime Jaquez Jr.,24.0,MIA,SF,75.0,1.0,2121.0,15.7,0.57,22.3,2.2,2.0,4.2,0.094,0.3,-0.1,0.1,1.1,MIA,3861600.0,5939141.0,,,,,9800741.0
Duncan Robinson,31.0,DET,SG,77.0,77.0,2113.0,12.4,0.629,15.8,3.8,2.3,6.1,0.139,0.8,-0.1,0.8,1.5,DET,16834692.0,15992957.0,15151222.0,,,,16834692.0
Jeremiah Fears,19.0,NOP,PG,82.0,49.0,2112.0,13.8,0.525,25.5,-0.8,1.4,0.6,0.015,-1.4,-1.3,-2.7,-0.4,NOP,7520040.0,7896240.0,8271960.0,10505389.0,,,15416280.0
Donovan Clingan,21.0,POR,C,77.0,77.0,2094.0,20.9,0.604,16.9,5.1,3.5,8.6,0.197,2.4,0.6,3.0,2.6,POR,7178400.0,7519920.0,9550298.0,,,,14698320.0
Kawhi Leonard,34.0,LAC,SF,65.0,65.0,2085.0,27.9,0.629,33.5,6.5,2.7,9.2,0.212,7.4,0.6,8.0,5.3,LAC,50000000.0,50300000.0,,,,,100300000.0
Evan Mobley,24.0,CLE,PF,65.0,63.0,2074.0,20.0,0.596,22.6,3.6,2.9,6.5,0.15,1.8,1.2,3.0,2.6,CLE,46394100.0,50105628.0,53817156.0,57528684.0,61240212.0,,269085780.0
Andrew Wiggins,30.0,MIA,SF,68.0,68.0,2063.0,15.1,0.586,19.7,2.2,2.3,4.6,0.106,0.7,0.5,1.2,1.7,MIA,28223215.0,30169644.0,,,,,28223215.0
Jake LaRavia,24.0,LAL,PF,82.0,43.0,2061.0,11.9,0.571,14.4,1.7,2.1,3.8,0.089,-1.6,0.5,-1.2,0.4,LAL,6000000.0,6000000.0,,,,,12000000.0
Pascal Siakam,31.0,IND,PF,62.0,62.0,2057.0,18.6,0.562,30.1,1.1,1.5,2.6,0.062,1.8,-1.0,0.7,1.4,IND,45550512.0,48924624.0,52298736.0,,,,146773872.0
Cason Wallace,22.0,OKC,SG,77.0,58.0,2046.0,12.1,0.538,14.5,1.0,4.2,5.2,0.122,-2.1,3.3,1.2,1.7,OKC,5820240.0,7420806.0,,,,,13241046.0
Devin Vassell,25.0,SAS,SG,67.0,65.0,2044.0,13.0,0.574,18.0,2.3,2.6,4.9,0.115,0.1,0.3,0.5,1.3,SAS,27000000.0,27000000.0,24652174.0,27000000.0,,,105652174.0
Stephon Castle,21.0,SAS,PG,68.0,67.0,2038.0,17.4,0.575,24.9,2.8,2.9,5.8,0.136,1.0,0.9,1.9,2.0,SAS,9560520.0,10015920.0,12670139.0,,,,19576440.0
Derik Queen,21.0,NOP,C,81.0,48.0,2023.0,15.9,0.546,21.8,0.4,2.3,2.7,0.063,-1.5,0.7,-0.8,0.6,NOP,5157960.0,5416080.0,5673840.0,8107918.0,,,10574040.0
LaMelo Ball,24.0,CHO,PG,72.0,69.0,2017.0,19.7,0.546,32.0,3.6,2.6,6.2,0.147,4.8,-0.1,4.7,3.4,CHO,37958760.0,40770520.0,43582280.0,46394040.0,,,168705600.0
Naz Reid,26.0,MIN,C,77.0,3.0,2007.0,15.4,0.565,22.1,0.9,3.2,4.0,0.097,-0.1,1.0,0.9,1.5,MIN,21551724.0,23275862.0,25000000.0,26724138.0,28448276.0,,96551724.0
Davion Mitchell,27.0,MIA,PG,70.0,70.0,2000.0,12.1,0.582,13.6,2.6,1.7,4.3,0.104,-1.3,0.4,-0.9,0.6,MIA,11600000.0,12400000.0,,,,,24000000.0
Bruce Brown,29.0,DEN,SG,82.0,4.0,1998.0,10.8,0.562,14.5,1.2,1.8,2.9,0.071,-2.5,0.1,-2.4,-0.2,DEN,2296274.0,,,,,,2296274.0
Chet Holmgren,23.0,OKC,PF,69.0,69.0,1997.0,21.6,0.653,21.9,4.4,4.7,9.1,0.219,2.4,1.9,4.2,3.1,OKC,13731368.0,41500000.0,44820000.0,48140000.0,51460000.0,54780000.0,254431368.0
Josh Hart,30.0,NYK,SF,66.0,52.0,1994.0,15.7,0.612,16.7,3.1,3.0,6.1,0.147,1.0,2.0,3.0,2.5,NYK,19472240.0,20923760.0,22375280.0,,,,40396000.0
LeBron James,41.0,LAL,SF,60.0,60.0,1989.0,20.8,0.594,27.2,3.4,2.1,5.4,0.131,3.3,0.2,3.5,2.8,LAL,52627153.0,,,,,,52627153.0
Ace Bailey,19.0,UTA,SF,72.0,61.0,1988.0,11.6,0.533,21.4,-0.4,0.3,-0.1,-0.001,-1.9,-2.5,-4.4,-1.2,UTA,9069840.0,9523080.0,9976560.0,12640302.0,,,18592920.0
Harrison Barnes,33.0,SAS,PF,77.0,52.0,1986.0,11.8,0.608,14.6,2.7,2.1,4.8,0.117,-0.2,0.1,-0.1,1.0,SAS,19000000.0,,,,,,19000000.0
Jalen Duren,22.0,DET,C,70.0,70.0,1976.0,26.1,0.688,23.6,7.2,3.8,11.0,0.266,4.4,0.5,5.0,3.5,DET,6483144.0,,,,,,6483144.0
Brandon Miller,23.0,CHO,SF,65.0,65.0,1968.0,16.8,0.574,28.1,2.1,2.4,4.5,0.109,1.7,-0.1,1.6,1.8,CHO,11968800.0,15104626.0,,,,,27073426.0
Maxime Raynaud,22.0,SAC,C,74.0,56.0,1964.0,16.0,0.619,18.2,2.6,1.0,3.6,0.088,-0.9,-1.6,-2.4,-0.2,SAC,1272870.0,2150917.0,2525901.0,,,,3423787.0
Deandre Ayton,27.0,LAL,C,72.0,72.0,1958.0,18.2,0.676,16.7,4.0,2.2,6.2,0.152,0.0,-0.9,-0.9,0.6,LAL,33654814.0,8104000.0,,,,,8104000.0
Jarace Walker,22.0,IND,PF,76.0,41.0,1953.0,11.5,0.543,20.7,-1.0,1.5,0.5,0.013,-1.8,-0.7,-2.4,-0.2,IND,6665520.0,8478542.0,,,,,15144062.0
Sam Hauser,28.0,BOS,PF,78.0,49.0,1934.0,11.9,0.59,14.5,2.9,2.1,5.0,0.124,0.6,0.0,0.6,1.3,BOS,10044644.0,10848215.0,11651785.0,12455356.0,,,45000000.0
Rui Hachimura,27.0,LAL,PF,68.0,41.0,1927.0,11.6,0.62,15.2,2.1,1.1,3.2,0.08,-0.8,-1.5,-2.2,-0.1,LAL,18259259.0,,,,,,18259259.0
Neemias Queta,26.0,BOS,C,76.0,75.0,1926.0,20.3,0.674,14.7,5.4,3.6,9.0,0.224,0.9,2.0,2.8,2.4,BOS,2349578.0,2667944.0,,,,,
Nic Claxton,26.0,BRK,C,69.0,68.0,1920.0,17.6,0.592,17.7,3.3,1.5,4.8,0.121,0.3,0.6,0.9,1.4,BRK,25352272.0,23147727.0,20943184.0,,,,69443183.0
Myles Turner,29.0,MIL,C,71.0,71.0,1912.0,14.2,0.584,18.6,1.2,1.8,3.0,0.076,-0.9,0.0,-0.9,0.5,MIL,25318251.0,26584164.0,27850077.0,29115990.0,,,79752492.0
Keldon Johnson,26.0,SAS,SF,82.0,0.0,1911.0,17.3,0.613,21.0,3.9,2.6,6.4,0.161,1.2,-0.3,0.9,1.4,SAS,17500000.0,17500000.0,,,,,35000000.0
Anthony Black,22.0,ORL,PG,64.0,40.0,1910.0,13.7,0.549,22.2,0.3,2.4,2.6,0.067,-1.2,0.7,-0.6,0.7,ORL,7970280.0,10106316.0,,,,,18076596.0
Tristan Da Silva,24.0,ORL,SF,77.0,34.0,1899.0,12.0,0.576,16.2,1.3,2.1,3.3,0.084,-0.7,0.1,-0.6,0.7,ORL,3809520.0,3991200.0,6138466.0,,,,7800720.0
Moussa DiabatÃ©,24.0,CHO,C,73.0,47.0,1899.0,17.2,0.653,11.4,4.7,2.8,7.4,0.188,0.4,1.2,1.7,1.8,CHO,2270735.0,2461462.0,,,,,
Ausar Thompson,23.0,DET,SF,73.0,72.0,1896.0,16.2,0.545,16.9,1.5,4.1,5.7,0.144,-0.6,3.6,3.1,2.4,DET,8775000.0,11117925.0,,,,,19892925.0
Nique Clifford,23.0,SAC,SG,75.0,28.0,1882.0,9.0,0.505,17.0,-1.2,0.6,-0.6,-0.014,-3.7,-1.2,-4.9,-1.4,SAC,3108120.0,3263400.0,3418800.0,5979481.0,,,6371520.0
John Collins,28.0,LAC,PF,69.0,56.0,1872.0,16.3,0.643,19.5,2.7,1.8,4.6,0.117,0.0,-0.5,-0.5,0.7,LAC,26580000.0,,,,,,26580000.0
Draymond Green,35.0,GSW,PF,68.0,68.0,1869.0,10.4,0.54,16.1,-0.4,2.1,1.7,0.044,-2.4,1.0,-1.4,0.3,GSW,25892857.0,27678571.0,,,,,53571428.0
Victor Wembanyama,22.0,SAS,C,64.0,55.0,1866.0,29.9,0.626,32.4,5.0,5.0,10.0,0.257,6.5,4.2,10.7,6.0,SAS,13376880.0,16868246.0,,,,,30245126.0
Russell Westbrook,37.0,SAC,SF,64.0,58.0,1853.0,15.1,0.528,25.9,-0.6,0.9,0.4,0.009,0.6,-1.0,-0.4,0.7,SAC,2296274.0,,,,,,2296274.0
Jamal Shead,23.0,TOR,PG,82.0,12.0,1852.0,10.5,0.491,15.5,0.8,2.0,2.7,0.07,-2.3,0.0,-2.3,-0.1,TOR,1955377.0,2296271.0,,,,,1955377.0
Pelle Larsson,24.0,MIA,SG,70.0,54.0,1849.0,13.1,0.605,16.8,2.6,1.5,4.1,0.106,-1.2,0.0,-1.2,0.4,MIA,1955377.0,2296271.0,,,,,
Luguentz Dort,26.0,OKC,SF,69.0,69.0,1849.0,8.3,0.524,14.1,0.0,3.0,3.0,0.078,-2.8,0.8,-2.0,0.0,OKC,18222222.0,18222222.0,,,,,18222222.0
Sion James,23.0,CHO,SG,82.0,19.0,1843.0,8.3,0.531,11.0,1.1,1.9,3.1,0.08,-3.0,1.1,-2.0,0.0,CHO,2296274.0,2411090.0,2525901.0,2735698.0,,,4707364.0
Zion Williamson,25.0,NOP,PF,62.0,55.0,1841.0,22.6,0.644,25.7,5.0,1.0,6.1,0.159,3.5,-0.6,2.9,2.3,NOP,39446090.0,42166510.0,44886930.0,,,,126499530.0
Jaylen Wells,22.0,MEM,SG,69.0,69.0,1821.0,11.5,0.559,19.3,0.9,0.7,1.6,0.042,-1.8,-1.4,-3.1,-0.5,MEM,1955377.0,2296271.0,2486995.0,,,,1955377.0
Oso Ighodaro,23.0,PHO,PF,82.0,24.0,1808.0,13.8,0.636,12.2,2.1,2.6,4.7,0.125,-2.2,2.3,0.1,0.9,PHO,1955377.0,2296271.0,2486995.0,,,,1955377.0
Kyle Kuzma,30.0,MIL,PF,69.0,43.0,1806.0,14.1,0.581,21.8,0.9,1.0,1.9,0.051,-1.0,-1.3,-2.3,-0.1,MIL,22410605.0,20345152.0,,,,,42755757.0
Kyle Filipowski,22.0,UTA,C,77.0,41.0,1801.0,16.0,0.586,20.0,1.8,1.3,3.1,0.082,-0.6,-0.5,-1.1,0.4,UTA,3000000.0,3000000.0,3000000.0,,,,3000000.0
Andrew Nembhard,26.0,IND,PG,57.0,57.0,1786.0,15.7,0.564,23.6,2.2,0.7,2.8,0.077,1.1,-1.9,-0.8,0.6,IND,18102000.0,19550160.0,20998320.0,,,,58650480.0
Keyonte George,22.0,UTA,PG,54.0,54.0,1786.0,18.5,0.609,27.9,3.1,0.1,3.3,0.088,3.0,-2.1,0.9,1.3,UTA,4278960.0,6563925.0,,,,,10842885.0
Noah Clowney,21.0,BRK,PF,66.0,60.0,1780.0,11.2,0.554,20.4,-0.1,1.2,1.1,0.029,-2.3,-1.1,-3.4,-0.6,BRK,3398640.0,5414034.0,,,,,8812674.0
Jaylon Tyson,23.0,CLE,SG,66.0,42.0,1777.0,14.8,0.608,19.3,2.3,1.7,4.0,0.108,0.6,-0.5,0.1,0.9,CLE,3492480.0,3658560.0,5641500.0,,,,7151040.0
Marcus Smart,31.0,LAL,SG,62.0,54.0,1769.0,9.9,0.543,15.4,0.4,1.6,2.0,0.054,-2.9,0.6,-2.2,-0.1,LAL,19920855.0,5390700.0,,,,,5134000.0
Brice Sensabaugh,22.0,UTA,SF,75.0,22.0,1762.0,14.4,0.59,24.9,1.0,0.1,1.1,0.029,0.4,-3.0,-2.6,-0.3,UTA,2693760.0,4862237.0,,,,,7555997.0
Austin Reaves,27.0,LAL,SG,51.0,45.0,1762.0,20.2,0.641,26.7,4.2,1.4,5.6,0.153,3.4,-0.6,2.8,2.1,LAL,13937574.0,14898786.0,,,,,13937574.0
Tre Jones,26.0,CHI,PG,65.0,41.0,1752.0,18.7,0.637,19.2,4.6,1.1,5.7,0.157,1.2,0.1,1.3,1.5,CHI,8000000.0,8000000.0,8000000.0,,,,16000000.0
Sandro Mamukelashvili,26.0,TOR,C,80.0,13.0,1751.0,18.1,0.637,18.8,3.6,2.5,6.2,0.169,2.1,0.7,2.8,2.1,TOR,2461463.0,2801346.0,,,,,2461463.0
Tobias Harris,33.0,DET,PF,63.0,63.0,1746.0,15.0,0.574,18.8,2.6,2.7,5.3,0.145,0.6,0.8,1.4,1.5,DET,26634146.0,,,,,,26634146.0
Precious Achiuwa,26.0,SAC,C,73.0,57.0,1745.0,16.2,0.558,17.6,1.8,1.2,2.9,0.081,-0.5,-1.1,-1.6,0.2,SAC,2111516.0,,,,,,2111516.0
P.J. Washington,27.0,DAL,PF,56.0,53.0,1736.0,13.1,0.537,20.1,-0.3,2.0,1.7,0.046,-1.7,0.1,-1.6,0.2,DAL,14152174.0,19813044.0,21398088.0,22983132.0,24568176.0,,102914614.0
Josh Giddey,23.0,CHI,PG,54.0,51.0,1731.0,18.0,0.562,24.4,1.6,1.7,3.2,0.09,2.3,0.4,2.7,2.0,CHI,25000000.0,25000000.0,25000000.0,25000000.0,,,100000000.0
RJ Barrett,25.0,TOR,SF,57.0,57.0,1726.0,17.0,0.585,25.8,2.0,2.0,4.0,0.111,1.0,-0.7,0.2,1.0,TOR,27705357.0,29616071.0,,,,,57321428.0
Jay Huff,27.0,IND,C,82.0,47.0,1719.0,15.2,0.598,18.0,1.3,1.9,3.2,0.089,-0.9,1.3,0.4,1.1,IND,2349578.0,2667944.0,3005085.0,,,,2349578.0
Norman Powell,32.0,MIA,SG,58.0,52.0,1717.0,17.5,0.609,27.2,2.3,1.7,4.0,0.112,1.8,-0.3,1.6,1.5,MIA,20482758.0,,,,,,20482758.0
Cam Spencer,25.0,MEM,SG,72.0,20.0,1714.0,17.2,0.649,17.2,4.7,0.6,5.3,0.149,3.0,-0.8,2.2,1.8,MEM,2537989.0,2411090.0,2616754.0,2830685.0,,,7565833.0
Kel'el Ware,21.0,MIA,C,77.0,34.0,1704.0,20.0,0.616,18.0,3.2,3.0,6.2,0.175,2.1,0.1,2.1,1.8,MIA,4443360.0,4654920.0,7135992.0,,,,9098280.0
Dillon Brooks,30.0,PHO,SF,56.0,56.0,1702.0,14.1,0.54,28.6,0.4,1.6,2.1,0.058,-1.0,-1.3,-2.3,-0.1,PHO,21124110.0,19992727.0,,,,,41116837.0
Isaac Okoro,25.0,CHI,SG,63.0,62.0,1695.0,9.8,0.574,13.6,1.4,0.7,2.2,0.061,-3.0,-0.8,-3.8,-0.8,CHI,11000000.0,11814814.0,,,,,22814814.0
Jerami Grant,31.0,POR,PF,57.0,38.0,1695.0,15.4,0.608,23.8,2.6,1.4,4.0,0.114,0.9,-0.9,0.0,0.9,POR,32000001.0,34206898.0,36413790.0,,,,66206899.0
Dominick Barlow,22.0,PHI,PF,71.0,59.0,1689.0,13.2,0.597,12.8,2.2,1.8,3.9,0.112,-1.5,0.4,-1.1,0.4,PHI,3415000.0,3415000.0,,,,,3415000.0
Michael Porter Jr.,27.0,BRK,SF,52.0,52.0,1689.0,19.9,0.595,30.5,1.7,1.3,2.9,0.083,4.2,-1.2,3.0,2.1,BRK,38333050.0,40806150.0,,,,,50333050.0
Cameron Johnson,29.0,DEN,SF,54.0,54.0,1647.0,12.8,0.629,15.1,2.7,1.0,3.7,0.108,0.3,-0.9,-0.6,0.6,DEN,21057065.0,23062500.0,,,,,44119565.0
Brook Lopez,37.0,LAC,C,75.0,40.0,1635.0,12.3,0.552,17.2,0.5,1.8,2.3,0.068,-1.3,0.4,-0.9,0.5,LAC,8750000.0,9187500.0,,,,,8750000.0
Will Riley,19.0,WAS,SF,74.0,18.0,1633.0,12.1,0.548,20.2,0.4,0.0,0.4,0.012,-1.9,-2.6,-4.5,-1.0,WAS,3512520.0,3688320.0,3864000.0,6155352.0,,,7200840.0
Cody Williams,21.0,UTA,SG,67.0,41.0,1631.0,9.6,0.524,16.0,0.0,0.1,0.1,0.004,-3.6,-1.9,-5.5,-1.5,UTA,5742480.0,6015600.0,7669890.0,,,,11758080.0
Bobby Portis,30.0,MIL,PF,67.0,9.0,1619.0,17.1,0.587,23.1,1.6,1.2,2.8,0.083,1.5,-1.6,0.0,0.8,MIL,13445754.0,14521414.0,15597074.0,,,,27967168.0
Cedric Coward,22.0,MEM,SG,62.0,47.0,1598.0,15.3,0.585,21.5,1.4,1.1,2.5,0.076,0.4,-0.6,-0.2,0.7,MEM,5715120.0,6001080.0,6286920.0,8342743.0,,,11716200.0
Peyton Watson,23.0,DEN,SF,54.0,40.0,1598.0,14.3,0.594,20.6,1.0,1.6,2.6,0.078,-0.8,-0.5,-1.2,0.3,DEN,4356476.0,,,,,,4356476.0
Herbert Jones,27.0,NOP,SF,56.0,56.0,1588.0,9.1,0.491,15.2,-0.4,1.1,0.7,0.022,-3.7,0.6,-3.1,-0.5,NOP,13937574.0,14898786.0,20858300.0,22526964.0,24195628.0,,72221624.0
Jalen Suggs,24.0,ORL,PG,57.0,56.0,1574.0,15.6,0.561,22.9,0.3,2.4,2.7,0.083,0.7,1.8,2.5,1.8,ORL,35000000.0,32400000.0,29600000.0,26800000.0,26700000.0,,123800000.0
Kelly Oubre Jr.,30.0,PHI,SF,50.0,41.0,1574.0,13.0,0.58,18.2,1.1,1.6,2.7,0.083,-1.3,-0.1,-1.4,0.2,PHI,8382150.0,,,,,,8382150.0
Jordan Goodwin,27.0,PHO,PG,70.0,10.0,1572.0,14.7,0.525,17.5,1.5,2.4,3.9,0.118,0.3,1.5,1.8,1.5,PHO,2349578.0,,,,,,2349578.0
Jrue Holiday,35.0,POR,PG,53.0,51.0,1560.0,16.4,0.573,23.5,2.1,1.5,3.6,0.109,2.4,-0.5,1.9,1.6,POR,32400000.0,34800000.0,37200000.0,,,,67200000.0
Dylan Harper,19.0,SAS,SG,69.0,4.0,1558.0,16.2,0.574,21.8,2.0,2.2,4.2,0.13,0.3,1.1,1.4,1.3,SAS,12370320.0,12989040.0,13607760.0,17172994.0,,,25359360.0
Ron Holland,20.0,DET,SF,78.0,5.0,1551.0,11.7,0.525,18.9,-0.1,2.9,2.8,0.087,-3.3,1.4,-2.0,0.0,DET,8657280.0,9069600.0,11491183.0,,,,17726880.0
Tari Eason,24.0,HOU,PF,60.0,34.0,1549.0,12.9,0.514,18.7,0.6,2.3,2.9,0.091,-1.8,0.2,-1.6,0.2,HOU,5675766.0,,,,,,5675766.0
Moses Moody,23.0,GSW,SG,60.0,49.0,1540.0,13.5,0.6,18.3,1.7,1.4,3.1,0.096,0.2,-0.3,-0.1,0.7,GSW,11574075.0,12500000.0,13425925.0,,,,37500000.0
Terance Mann,29.0,BRK,SG,63.0,51.0,1529.0,10.2,0.564,13.5,1.2,0.6,1.8,0.056,-2.7,-0.7,-3.4,-0.6,BRK,15500000.0,15500000.0,16000000.0,,,,47000000.0
Jarrett Allen,27.0,CLE,C,56.0,56.0,1519.0,22.1,0.669,19.9,4.2,2.2,6.4,0.202,2.2,0.4,2.6,1.8,CLE,20000000.0,28000000.0,30240000.0,32480000.0,,,110720000.0
Isaiah Collier,21.0,UTA,PG,59.0,19.0,1517.0,14.8,0.567,20.4,1.3,0.3,1.7,0.053,-0.7,-1.8,-2.4,-0.2,UTA,2638200.0,2763960.0,4988948.0,,,,5402160.0
Isaiah Joe,26.0,OKC,SG,71.0,9.0,1507.0,15.5,0.657,18.4,3.2,2.4,5.5,0.176,2.0,0.5,2.5,1.7,OKC,12362338.0,11323006.0,11323006.0,,,,23685344.0
Zaccharie Risacher,20.0,ATL,SF,67.0,46.0,1503.0,11.8,0.557,17.6,0.5,1.9,2.3,0.074,-2.3,-0.2,-2.5,-0.2,ATL,13197720.0,13826040.0,17434637.0,,,,27023760.0
Klay Thompson,35.0,DAL,SF,69.0,8.0,1497.0,11.4,0.541,22.7,-0.3,0.9,0.5,0.018,0.2,-1.5,-1.4,0.2,DAL,16666667.0,17460317.0,,,,,34126984.0
Ryan Kalkbrenner,24.0,CHO,C,69.0,31.0,1479.0,17.9,0.762,11.6,3.6,2.1,5.7,0.185,0.5,1.3,1.8,1.4,CHO,2296274.0,2411090.0,2525901.0,2735698.0,,,4707364.0
Ja'Kobe Walter,21.0,TOR,SG,72.0,19.0,1474.0,11.8,0.61,14.0,1.9,1.9,3.7,0.121,-1.3,1.0,-0.3,0.6,TOR,3638160.0,3811800.0,5870172.0,,,,7449960.0
Patrick Williams,24.0,CHI,PF,72.0,6.0,1474.0,8.2,0.494,16.6,-1.1,1.0,-0.1,-0.005,-3.4,-1.1,-4.5,-0.9,CHI,18000000.0,18000000.0,18000000.0,18000000.0,,,54000000.0
Ajay Mitchell,23.0,OKC,SG,57.0,16.0,1473.0,16.8,0.585,21.8,2.2,2.6,4.8,0.156,0.3,1.6,1.9,1.4,OKC,3000000.0,2850000.0,2850000.0,,,,3000000.0
Shaedon Sharpe,22.0,POR,SG,50.0,42.0,1471.0,15.3,0.546,30.5,-0.4,1.6,1.3,0.041,-0.4,-0.9,-1.4,0.2,POR,8399983.0,20089287.0,21696429.0,23303571.0,24910713.0,,98399983.0
Bilal Coulibaly,21.0,WAS,SG,56.0,56.0,1468.0,13.5,0.531,19.9,0.2,0.8,1.0,0.031,-1.7,-0.4,-2.1,-0.1,WAS,7275600.0,9240012.0,,,,,16515612.0
Grayson Allen,30.0,PHO,SG,51.0,27.0,1467.0,16.1,0.568,23.8,2.3,1.6,3.9,0.127,1.9,0.2,2.1,1.5,PHO,16875000.0,18125000.0,19375000.0,,,,35000000.0
Brandon Williams,26.0,DAL,PG,66.0,15.0,1463.0,16.8,0.572,25.1,1.2,1.3,2.5,0.083,0.1,0.3,0.4,0.9,DAL,2270735.0,,,,,,
Daniss Jenkins,24.0,DET,PG,72.0,19.0,1455.0,13.4,0.525,21.5,0.9,2.0,2.9,0.095,-0.8,0.1,-0.7,0.5,DET,3809524.0,4000000.0,,,,,3809524.0
Javonte Green,32.0,DET,SG,82.0,6.0,1446.0,14.1,0.607,14.8,2.0,2.7,4.7,0.156,-0.3,2.4,2.1,1.5,DET,2296274.0,,,,,,2296274.0
Tre Johnson,19.0,WAS,SG,60.0,42.0,1443.0,10.6,0.535,22.5,-0.6,-0.1,-0.7,-0.024,-2.1,-2.9,-5.0,-1.1,WAS,8237640.0,8649600.0,9061680.0,11490211.0,,,16887240.0
Lauri Markkanen,28.0,UTA,PF,42.0,42.0,1443.0,21.1,0.608,28.1,3.2,0.3,3.5,0.118,4.6,-2.0,2.6,1.6,UTA,46394100.0,46113154.0,49824681.0,53536209.0,,,195868144.0
Sidy Cissoko,21.0,POR,SF,75.0,26.0,1435.0,7.1,0.514,12.5,0.0,1.3,1.3,0.045,-4.6,0.5,-4.0,-0.7,POR,686243.0,2497812.0,,,,,686243.0
Luke Kornet,30.0,SAS,C,68.0,25.0,1430.0,17.9,0.689,10.3,4.6,2.3,6.9,0.231,1.6,2.1,3.6,2.0,SAS,11000000.0,10450000.0,9900000.0,9350000.0,,,24000000.0
Baylor Scheierman,25.0,BOS,SG,77.0,20.0,1429.0,11.6,0.616,11.9,2.1,1.8,3.8,0.129,-0.7,1.3,0.6,0.9,BOS,2619000.0,2744040.0,4952993.0,,,,5363040.0
Spencer Jones,24.0,DEN,SF,64.0,37.0,1417.0,9.3,0.619,9.7,1.5,1.2,2.6,0.089,-2.4,0.0,-2.4,-0.1,DEN,623967.0,,,,,,623967.0
Mark Williams,24.0,PHO,C,60.0,55.0,1416.0,21.8,0.68,17.4,4.0,2.3,6.3,0.215,1.5,0.5,2.0,1.4,PHO,6276531.0,,,,,,6276531.0
Aaron Wiggins,27.0,OKC,SG,65.0,21.0,1414.0,11.7,0.538,19.9,-0.4,2.5,2.1,0.072,-1.7,0.7,-0.9,0.4,OKC,10102803.0,9224300.0,8345797.0,8345797.0,,,27672900.0
Christian Braun,24.0,DEN,SG,44.0,44.0,1399.0,12.6,0.607,14.8,2.2,0.8,3.0,0.103,-0.4,-0.9,-1.2,0.3,DEN,4921797.0,21551726.0,23275863.0,25000000.0,26724137.0,28448274.0,129921797.0
Gui Santos,23.0,GSW,PF,68.0,30.0,1395.0,14.2,0.609,18.7,1.2,1.5,2.7,0.094,-0.9,0.3,-0.6,0.5,GSW,2221677.0,,,,,,2221677.0
Kyshawn George,22.0,WAS,SF,48.0,48.0,1391.0,13.8,0.559,22.8,0.1,0.5,0.6,0.022,-0.5,-0.6,-1.2,0.3,WAS,2966760.0,3108000.0,5435892.0,,,,6074760.0
Ben Sheppard,24.0,IND,SG,65.0,20.0,1390.0,9.7,0.561,13.8,0.8,0.7,1.4,0.05,-2.4,-0.6,-3.0,-0.4,IND,2790720.0,5031669.0,,,,,7822389.0
Justin Champagnie,24.0,WAS,SF,69.0,19.0,1377.0,17.3,0.589,16.7,2.4,0.8,3.1,0.109,0.6,-1.0,-0.4,0.6,WAS,2349578.0,2667944.0,3005085.0,,,,5017522.0
Will Richard,23.0,GSW,SG,69.0,21.0,1377.0,11.0,0.596,13.0,1.2,1.4,2.5,0.089,-2.5,0.9,-1.7,0.1,GSW,1272870.0,2150917.0,2525901.0,2735698.0,,,3423787.0
Gary Trent Jr.,27.0,MIL,SG,65.0,21.0,1377.0,8.0,0.533,17.2,-0.2,0.2,-0.1,-0.002,-3.2,-2.2,-5.4,-1.2,MIL,3697105.0,3881960.0,,,,,3697105.0
Sam Merrill,29.0,CLE,SG,52.0,38.0,1377.0,13.6,0.644,17.0,2.8,0.9,3.7,0.127,1.0,-1.0,0.1,0.7,CLE,8482144.0,9160715.0,9839285.0,10517856.0,,,38000000.0
Malik Monk,27.0,SAC,SG,62.0,3.0,1364.0,14.2,0.568,24.0,0.8,0.2,1.0,0.034,0.8,-2.1,-1.3,0.2,SAC,18797619.0,20190035.0,21582451.0,,,,38987654.0
Ryan Dunn,23.0,PHO,SF,70.0,16.0,1355.0,11.7,0.532,13.7,0.7,1.9,2.6,0.093,-2.1,1.2,-0.9,0.4,PHO,2657760.0,2784240.0,5025553.0,,,,5442000.0
Josh Okogie,27.0,HOU,SG,78.0,32.0,1354.0,9.9,0.544,11.3,1.1,1.6,2.7,0.095,-2.3,1.1,-1.2,0.3,HOU,2296274.0,,,,,,2296274.0
Kobe Sanders,23.0,LAC,SG,68.0,16.0,1351.0,10.0,0.597,16.3,0.4,1.0,1.4,0.051,-2.7,-0.2,-2.9,-0.3,LAC,475497.0,2150917.0,,,,,475497.0
Derrick Jones Jr.,28.0,LAC,SF,50.0,45.0,1350.0,13.3,0.6,15.1,1.7,1.1,2.8,0.1,-0.6,-0.1,-0.7,0.5,LAC,10000000.0,10476190.0,,,,,20476190.0
Aaron Nesmith,26.0,IND,SF,45.0,42.0,1335.0,10.8,0.554,19.8,0.1,0.6,0.7,0.026,-1.7,-1.6,-3.4,-0.5,IND,11000000.0,11000000.0,19418000.0,20971440.0,,,62389440.0
Kris Murray,25.0,POR,SF,57.0,15.0,1333.0,9.6,0.55,10.6,0.9,1.3,2.2,0.079,-2.3,0.8,-1.5,0.2,POR,3132000.0,5315004.0,,,,,8447004.0
Stephen Curry,37.0,GSW,PG,43.0,41.0,1329.0,22.6,0.637,32.5,2.9,1.2,4.1,0.147,6.3,-1.0,5.4,2.5,GSW,59606817.0,62587158.0,,,,,122193975.0
Jordan Miller,26.0,LAC,SF,60.0,1.0,1325.0,15.9,0.628,18.0,2.5,1.0,3.5,0.125,0.6,-0.4,0.2,0.8,LAC,712637.0,2497812.0,,,,,3210449.0
Drake Powell,20.0,BRK,SG,63.0,24.0,1320.0,7.3,0.521,14.9,-0.5,0.5,-0.1,-0.003,-4.6,-1.3,-6.0,-1.3,BRK,3372240.0,3540600.0,3709320.0,6101832.0,,,6912840.0
Jericho Sims,27.0,MIL,C,67.0,19.0,1318.0,12.9,0.772,9.8,2.5,0.7,3.2,0.117,-2.1,-0.9,-3.1,-0.4,MIL,2461463.0,2801346.0,,,,,2461463.0
Dean Wade,29.0,CLE,PF,59.0,38.0,1318.0,10.9,0.58,9.9,1.7,1.4,3.1,0.114,-0.8,1.0,0.2,0.7,CLE,6623456.0,,,,,,
Isaiah Stewart,24.0,DET,C,58.0,13.0,1317.0,15.2,0.632,16.6,1.9,2.1,4.1,0.149,-1.1,1.1,0.0,0.7,DET,15000000.0,15000000.0,15000000.0,,,,30000000.0
Egor DÑmin,19.0,BRK,PG,52.0,45.0,1308.0,11.3,0.561,18.8,0.1,0.7,0.9,0.032,-0.9,-0.7,-1.6,0.1,BRK,6889200.0,7233720.0,7578240.0,9639522.0,,,14122920.0
Alex Sarr,20.0,WAS,C,48.0,48.0,1305.0,19.4,0.544,25.7,0.7,0.9,1.6,0.059,0.8,-0.1,0.7,0.9,WAS,11808240.0,12370680.0,15611798.0,,,,24178920.0
Yves Missi,21.0,NOP,C,66.0,14.0,1297.0,15.0,0.556,12.6,1.6,1.1,2.7,0.098,-1.4,-0.3,-1.7,0.1,NOP,3353040.0,3512760.0,5595827.0,,,,6865800.0
Nicolas Batum,37.0,LAC,PF,74.0,6.0,1295.0,8.4,0.603,9.6,0.6,1.2,1.8,0.066,-1.7,0.7,-1.0,0.3,LAC,5601600.0,5881680.0,,,,,5601600.0
Ziaire Williams,24.0,BRK,SF,56.0,13.0,1281.0,12.4,0.579,18.9,0.5,1.1,1.6,0.059,-2.0,0.4,-1.7,0.1,BRK,6250000.0,6250000.0,,,,,6250000.0
Jordan Clarkson,33.0,NYK,SG,72.0,1.0,1279.0,11.6,0.548,21.1,0.9,1.0,1.9,0.072,-1.9,-1.4,-3.3,-0.4,NYK,12947835.0,,,,,,2296274.0
Jaylin Williams,23.0,OKC,PF,65.0,11.0,1277.0,13.8,0.597,15.6,1.3,2.8,4.1,0.155,0.0,2.8,2.7,1.5,OKC,8450704.0,7774648.0,7774648.0,,,,16225352.0
Kevin Porter Jr.,25.0,MIL,PG,38.0,36.0,1261.0,18.7,0.567,24.3,1.5,1.3,2.8,0.106,0.8,1.2,2.1,1.3,MIL,5134000.0,5390700.0,,,,,5134000.0
Collin Murray-Boyles,20.0,TOR,PF,57.0,22.0,1246.0,16.4,0.621,15.5,2.1,1.9,4.0,0.154,-0.5,1.5,1.0,1.0,TOR,6332520.0,6649560.0,6966000.0,8874684.0,,,12982080.0
Nolan TraorÃ©,19.0,BRK,PG,56.0,31.0,1243.0,7.9,0.479,22.8,-2.3,0.6,-1.6,-0.063,-4.8,-2.0,-6.8,-1.5,BRK,3811560.0,4002000.0,4193040.0,6457282.0,,,7813560.0
Adem Bona,22.0,PHI,C,71.0,18.0,1234.0,12.8,0.638,11.1,1.4,1.5,2.9,0.112,-3.2,0.3,-2.9,-0.3,PHI,1955377.0,2296271.0,2486995.0,,,,
Andre Drummond,32.0,PHI,C,63.0,25.0,1231.0,16.4,0.539,14.9,1.5,1.9,3.4,0.133,-0.4,-0.2,-0.6,0.4,PHI,5000000.0,,,,,,5000000.0
Pat Spencer,29.0,GSW,PG,66.0,14.0,1229.0,12.1,0.516,18.9,0.5,1.0,1.4,0.056,-1.7,-0.6,-2.3,-0.1,GSW,857804.0,,,,,,857804.0
Zach LaVine,30.0,SAC,SG,39.0,37.0,1224.0,14.7,0.614,23.7,1.3,0.0,1.3,0.051,0.6,-2.2,-1.5,0.2,SAC,47499660.0,48967380.0,,,,,47499660.0
Jordan Walsh,21.0,BOS,PF,68.0,25.0,1212.0,13.1,0.623,11.7,1.9,1.9,3.8,0.15,-1.4,1.6,0.2,0.7,BOS,2221677.0,2406205.0,,,,,200000.0
Jaxson Hayes,25.0,LAL,C,66.0,9.0,1207.0,18.3,0.758,13.0,3.8,1.2,5.0,0.199,0.8,0.4,1.2,1.0,LAL,3449323.0,,,,,,3449323.0
Joel Embiid,31.0,PHI,C,38.0,38.0,1201.0,24.7,0.605,33.5,2.8,1.3,4.1,0.163,5.1,-0.2,4.9,2.1,PHI,55224526.0,58100000.0,62748000.0,67396000.0,,,176072526.0
Santi Aldama,25.0,MEM,PF,43.0,11.0,1198.0,16.3,0.572,20.2,1.3,1.0,2.3,0.092,1.3,0.4,1.7,1.1,MEM,18485916.0,17007043.0,17007043.0,,,,35492959.0
Daniel Gafford,27.0,DAL,C,55.0,44.0,1195.0,18.8,0.677,15.8,2.5,1.7,4.1,0.167,-0.5,1.2,0.7,0.8,DAL,14386320.0,17263584.0,18126763.0,18989942.0,,,68766609.0
Danny Wolf,21.0,BRK,PF,57.0,15.0,1187.0,12.3,0.521,20.6,-0.2,1.0,0.8,0.032,-2.2,-0.3,-2.5,-0.2,BRK,2801280.0,2941440.0,3081840.0,5559640.0,,,5742720.0
Jimmy Butler,36.0,GSW,SF,38.0,38.0,1182.0,23.5,0.646,23.3,4.6,1.1,5.7,0.233,5.0,0.5,5.5,2.3,GSW,54126450.0,56832773.0,,,,,110959223.0
Mouhamed Gueye,23.0,ATL,PF,77.0,8.0,1179.0,12.0,0.539,12.4,0.9,1.8,2.7,0.11,-2.6,1.3,-1.3,0.2,ATL,2221677.0,2406205.0,,,,,
GG Jackson II,21.0,MEM,PF,55.0,28.0,1178.0,15.6,0.591,23.5,0.4,0.9,1.3,0.052,0.0,-1.2,-1.2,0.2,MEM,2221677.0,2406205.0,,,,,2221677.0
Bones Hyland,25.0,MIN,PG,71.0,3.0,1177.0,15.1,0.599,20.6,1.8,1.3,3.1,0.126,1.2,0.5,1.7,1.1,MIN,2296274.0,,,,,,2296274.0
Mitchell Robinson,27.0,NYK,C,60.0,16.0,1175.0,21.1,0.676,10.7,3.3,2.5,5.8,0.236,1.9,1.5,3.5,1.6,NYK,12954546.0,,,,,,12954546.0
Simone Fontecchio,30.0,MIA,SF,70.0,9.0,1173.0,13.8,0.579,19.6,1.4,1.2,2.6,0.106,0.7,-0.2,0.5,0.7,MIA,8307692.0,,,,,,8307692.0
Ryan Nembhard,22.0,DAL,PG,60.0,27.0,1171.0,10.9,0.492,17.5,0.1,0.7,0.8,0.031,-2.4,-1.7,-4.1,-0.6,,,,,,,,
Landry Shamet,28.0,NYK,SG,51.0,12.0,1171.0,11.2,0.598,15.7,1.6,1.0,2.6,0.106,-0.4,0.1,-0.3,0.5,NYK,2296274.0,,,,,,2296274.0
Day'Ron Sharpe,24.0,BRK,C,62.0,7.0,1160.0,20.5,0.638,19.9,2.0,1.5,3.5,0.144,0.4,1.0,1.4,1.0,BRK,6250000.0,6250000.0,,,,,6250000.0
Quinten Post,25.0,GSW,PF,67.0,35.0,1159.0,13.0,0.56,18.8,0.7,1.2,1.9,0.078,-1.0,-0.1,-1.1,0.3,GSW,1955377.0,,,,,,1955377.0
Svi Mykhailiuk,28.0,UTA,SF,50.0,41.0,1156.0,11.4,0.626,14.8,1.3,-0.2,1.1,0.048,0.3,-2.0,-1.7,0.1,UTA,3675000.0,3850000.0,4025000.0,,,,
Caris LeVert,31.0,DET,SG,60.0,0.0,1154.0,10.9,0.518,18.4,-0.2,1.8,1.6,0.066,-1.8,1.5,-0.4,0.5,DET,14104000.0,14809200.0,,,,,28913200.0
Jakob Poeltl,30.0,TOR,C,46.0,44.0,1149.0,18.1,0.698,15.3,2.6,1.8,4.3,0.18,0.2,1.4,1.6,1.0,TOR,19500000.0,19500000.0,27300000.0,29484000.0,27300000.0,,95784000.0
Craig Porter Jr.,25.0,CLE,PG,64.0,3.0,1148.0,13.7,0.524,12.3,1.3,1.5,2.8,0.116,0.0,1.9,2.0,1.2,CLE,2221677.0,2406205.0,,,,,
Gary Payton II,33.0,GSW,SG,73.0,1.0,1142.0,18.3,0.632,18.4,2.0,1.5,3.5,0.149,0.7,1.3,1.9,1.1,GSW,2296274.0,,,,,,2296274.0
Dru Smith,28.0,MIA,SG,70.0,1.0,1141.0,14.5,0.532,15.2,1.2,1.9,3.0,0.127,-1.5,3.6,2.2,1.2,MIA,2378870.0,2584539.0,2934742.0,,,,2378870.0
Isaiah Hartenstein,27.0,OKC,C,47.0,46.0,1137.0,19.8,0.631,16.1,2.5,2.8,5.3,0.223,1.0,3.2,4.2,1.8,OKC,28500000.0,28500000.0,,,,,28500000.0
Paul George,35.0,PHI,PF,37.0,37.0,1135.0,16.7,0.57,23.3,1.1,1.4,2.5,0.108,1.0,0.7,1.7,1.1,PHI,51666090.0,54126380.0,56586670.0,,,,105792470.0
Jarred Vanderbilt,26.0,LAL,PF,65.0,3.0,1128.0,11.2,0.544,12.4,0.4,1.5,1.8,0.079,-2.4,0.9,-1.5,0.1,LAL,11571429.0,12428571.0,13285714.0,,,,24000000.0
De'Anthony Melton,27.0,GSW,PG,49.0,24.0,1125.0,13.4,0.518,25.4,-0.7,1.5,0.7,0.031,-2.6,0.1,-2.5,-0.1,GSW,3080921.0,3451779.0,,,,,3080921.0
Luka Garza,27.0,BOS,C,69.0,6.0,1118.0,19.9,0.682,17.7,3.9,1.4,5.3,0.226,2.2,0.2,2.4,1.2,BOS,2461463.0,2801346.0,,,,,5262809.0
Jalen Smith,25.0,CHI,C,53.0,21.0,1095.0,16.6,0.608,19.0,1.5,1.1,2.6,0.114,0.2,-0.9,-0.7,0.4,CHI,9000000.0,9428571.0,,,,,18428571.0
Kentavious Caldwell-Pope,32.0,MEM,SG,51.0,14.0,1088.0,11.0,0.533,17.7,0.2,0.5,0.7,0.032,-2.3,-0.2,-2.5,-0.1,MEM,21621500.0,21621500.0,,,,,21621500.0
Hugo GonzÃ¡lez,19.0,BOS,SF,74.0,3.0,1084.0,10.2,0.561,11.8,0.5,1.7,2.2,0.099,-3.1,1.6,-1.5,0.1,BOS,2783880.0,2923560.0,3062640.0,5528065.0,,,5707440.0
Jusuf NurkiÄ,31.0,UTA,C,41.0,36.0,1083.0,16.4,0.548,19.3,0.4,1.1,1.5,0.068,-0.5,1.6,1.1,0.9,UTA,19375000.0,,,,,,19375000.0
Miles McBride,25.0,NYK,SG,41.0,15.0,1080.0,13.1,0.578,18.2,1.6,1.1,2.7,0.119,1.0,0.2,1.2,0.9,NYK,4333333.0,3956523.0,,,,,8289856.0
Gradey Dick,22.0,TOR,SG,76.0,1.0,1067.0,10.7,0.538,18.7,0.2,1.3,1.4,0.064,-3.2,-0.4,-3.6,-0.4,TOR,4990560.0,7131511.0,,,,,12122071.0
Giannis Antetokounmpo,31.0,MIL,PF,36.0,36.0,1039.0,32.6,0.658,37.0,3.9,1.1,5.0,0.231,7.7,1.8,9.5,3.0,MIL,54126450.0,58456566.0,62786682.0,,,,112583016.0
Tyler Herro,26.0,MIA,SG,33.0,28.0,1033.0,17.1,0.602,24.7,1.4,1.0,2.4,0.112,2.4,-0.4,2.0,1.1,MIA,31000000.0,33000000.0,,,,,64000000.0
Jamir Watkins,24.0,WAS,SG,50.0,7.0,1032.0,11.8,0.554,15.1,0.5,0.5,1.1,0.049,-2.9,-0.5,-3.3,-0.3,,,,,,,,
Alex Caruso,31.0,OKC,SG,56.0,0.0,1020.0,12.8,0.54,15.7,0.3,2.2,2.5,0.12,-1.4,3.3,1.9,1.0,OKC,18102000.0,19550160.0,20998320.0,22446480.0,,,81096960.0
Franz Wagner,24.0,ORL,SF,34.0,32.0,1019.0,19.2,0.588,27.0,1.8,1.1,2.8,0.134,2.6,-0.2,2.5,1.2,ORL,38661750.0,41754690.0,44847630.0,47940570.0,51033510.0,,224238150.0
Caleb Love,24.0,POR,SG,49.0,1.0,1013.0,10.7,0.497,23.0,-0.1,0.8,0.6,0.031,-1.5,-1.6,-3.1,-0.3,,,,,,,,
Robert Williams,28.0,POR,C,59.0,1.0,1008.0,22.1,0.722,13.1,2.4,2.0,4.5,0.213,2.0,2.4,4.5,1.7,POR,13285713.0,,,,,,13285713.0
Aaron Gordon,30.0,DEN,PF,36.0,33.0,1005.0,18.5,0.62,21.9,2.4,0.7,3.2,0.153,2.9,-1.2,1.7,0.9,DEN,22841455.0,33658037.0,36350680.0,39043323.0,,,92850172.0
Nae'Qwan Tomlin,25.0,CLE,PF,64.0,3.0,1004.0,12.9,0.549,15.5,1.1,1.1,2.2,0.107,-2.2,0.1,-2.1,0.0,CLE,718150.0,2411090.0,,,,,3129240.0
Mike Conley,38.0,MIN,PG,54.0,15.0,991.0,9.4,0.517,11.5,0.9,1.0,1.9,0.092,-2.3,1.0,-1.3,0.2,MIN,11499872.0,,,,,,725834.0
Olivier-Maxence Prosper,23.0,MEM,PF,53.0,24.0,984.0,16.9,0.662,18.9,1.8,0.7,2.4,0.119,1.1,-1.2,-0.1,0.5,DAL,1002360.0,1002360.0,1002360.0,,,,3007080.0
Justin Edwards,22.0,PHI,SF,64.0,12.0,977.0,12.1,0.572,16.1,0.8,0.9,1.7,0.086,-1.8,0.6,-1.3,0.2,PHI,2048494.0,2411090.0,2616754.0,,,,4459584.0
Goga Bitadze,26.0,ORL,C,64.0,3.0,972.0,20.1,0.7,13.5,2.8,1.6,4.4,0.218,0.8,2.0,2.8,1.2,ORL,8333333.0,7608696.0,,,,,15942029.0
Al Horford,39.0,GSW,C,45.0,13.0,969.0,14.7,0.554,16.5,0.8,1.3,2.1,0.105,0.3,1.3,1.6,0.9,GSW,5685000.0,5969250.0,,,,,5685000.0
T.J. McConnell,33.0,IND,PG,56.0,4.0,963.0,20.5,0.567,23.2,1.8,0.8,2.6,0.132,2.1,0.4,2.5,1.1,IND,10200000.0,11000000.0,11800000.0,11800000.0,,,33000000.0
Anthony Gill,33.0,WAS,PF,55.0,8.0,951.0,13.4,0.682,11.9,1.6,0.1,1.7,0.087,-1.3,-1.3,-2.6,-0.2,WAS,2296274.0,,,,,,2296274.0
Kasparas JakuÄionis,19.0,MIA,PG,53.0,12.0,945.0,11.9,0.614,13.7,1.4,0.9,2.3,0.114,-1.0,0.6,-0.4,0.4,MIA,3658800.0,3841680.0,4024440.0,6205687.0,,,7500480.0
Jalen Williams,24.0,OKC,SG,33.0,33.0,936.0,19.0,0.56,26.2,1.3,1.7,3.0,0.156,1.1,1.0,2.1,1.0,OKC,6580997.0,41500000.0,44820000.0,48140000.0,51460000.0,54780000.0,247280997.0
Jordan Poole,26.0,NOP,PG,39.0,8.0,933.0,11.5,0.53,25.1,0.0,0.2,0.2,0.01,-1.0,-2.6,-3.5,-0.4,NOP,31848215.0,34044642.0,,,,,65892857.0
Clint Capela,31.0,HOU,C,75.0,3.0,926.0,17.9,0.54,13.7,1.3,1.7,3.0,0.156,-0.5,0.9,0.4,0.6,HOU,6700000.0,7035000.0,7370000.0,,,,21105000.0
Ben Saraf,19.0,BRK,SG,44.0,11.0,916.0,7.8,0.486,21.0,-1.6,0.5,-1.1,-0.057,-5.6,-1.7,-7.3,-1.2,BRK,2884560.0,3028560.0,3172920.0,5720776.0,,,5913120.0
Micah Peavy,24.0,NOP,SG,61.0,4.0,913.0,8.3,0.455,14.0,-0.1,0.5,0.4,0.02,-4.4,-0.8,-5.2,-0.7,NOP,1272870.0,2150917.0,2525901.0,2735698.0,,,3423787.0
Karlo MatkoviÄ,24.0,NOP,PF,62.0,2.0,912.0,16.5,0.696,13.1,1.8,0.9,2.7,0.141,0.2,0.4,0.7,0.6,NOP,1955377.0,2296271.0,,,,,1955377.0
Josh Green,25.0,CHO,SG,58.0,0.0,908.0,9.7,0.644,10.6,1.0,0.9,1.9,0.099,-1.7,1.0,-0.7,0.3,CHO,13666667.0,14679012.0,,,,,28345679.0
Micah Potter,27.0,IND,C,47.0,7.0,908.0,17.0,0.679,18.0,1.8,0.7,2.6,0.135,1.5,-0.8,0.7,0.6,IND,1527805.0,2801346.0,,,,,1527805.0
Dylan Cardwell,24.0,SAC,C,44.0,1.0,907.0,15.8,0.591,11.3,1.4,0.9,2.3,0.122,-2.5,0.6,-1.9,0.0,,,,,,,,
Dwight Powell,34.0,DAL,C,63.0,12.0,904.0,12.6,0.699,8.9,1.6,1.0,2.6,0.138,-2.9,1.5,-1.4,0.1,DAL,4000000.0,,,,,,4000000.0
Paul Reed,26.0,DET,C,65.0,11.0,901.0,24.2,0.65,20.6,2.4,2.1,4.5,0.239,2.4,2.9,5.3,1.6,DET,5335894.0,5602689.0,,,,,5335894.0
Quenton Jackson,27.0,IND,PG,49.0,19.0,897.0,14.4,0.589,20.9,0.9,0.5,1.4,0.076,-1.1,-0.8,-1.8,0.0,,,,,,,,
Jaylen Clark,24.0,MIN,SG,68.0,1.0,888.0,10.3,0.534,13.3,0.6,1.0,1.7,0.09,-3.2,0.7,-2.4,-0.1,MIN,2191897.0,,,,,,2191897.0
Bryce McGowens,23.0,NOP,SG,42.0,13.0,880.0,11.7,0.61,14.0,1.4,0.3,1.7,0.095,-2.0,-0.9,-2.8,-0.2,NOP,724598.0,2584539.0,2934742.0,,,,3309137.0
Jonas ValanÄiÅ«nas,33.0,DEN,C,65.0,6.0,871.0,22.0,0.63,26.1,1.8,1.1,2.9,0.162,0.5,-0.5,0.0,0.4,DEN,10395000.0,10000000.0,,,,,10395000.0
Trendon Watford,25.0,PHI,PF,53.0,7.0,864.0,13.1,0.573,17.9,0.6,0.8,1.4,0.078,-2.2,0.2,-1.9,0.0,PHI,2461463.0,2801346.0,,,,,2461463.0
Julian Strawther,23.0,DEN,SG,57.0,14.0,861.0,12.5,0.59,19.4,0.7,0.6,1.3,0.071,-1.2,-1.1,-2.3,-0.1,DEN,2674200.0,4826931.0,,,,,7501131.0
Jalen Wilson,25.0,BRK,PF,54.0,2.0,859.0,8.7,0.536,18.2,-0.2,0.4,0.2,0.012,-3.6,-2.1,-5.6,-0.8,BRK,2221677.0,,,,,,2221677.0
Caleb Martin,30.0,DAL,SF,58.0,12.0,856.0,9.3,0.526,12.5,-0.1,0.9,0.9,0.048,-4.0,1.7,-2.2,0.0,DAL,9594044.0,10001493.0,9371351.0,,,,19595537.0
Kenrich Williams,31.0,OKC,PF,56.0,2.0,855.0,14.2,0.569,18.3,0.8,1.5,2.3,0.13,-0.1,0.3,0.2,0.5,OKC,7163000.0,7163000.0,,,,,7163000.0
Daeqwon Plowden,27.0,SAC,SG,32.0,7.0,844.0,10.7,0.572,16.4,0.7,0.1,0.8,0.043,-2.1,-2.3,-4.4,-0.5,,,,,,,,
Javon Small,23.0,MEM,PG,41.0,12.0,830.0,16.1,0.611,19.0,1.4,0.5,1.9,0.112,1.7,-0.6,1.0,0.6,,,,,,,,
Jalen Green,23.0,PHO,SG,32.0,27.0,828.0,14.8,0.516,31.9,-0.6,1.0,0.3,0.019,-0.2,-0.9,-1.1,0.2,PHO,33584499.0,36251166.0,36000000.0,,,,69835665.0
Carter Bryant,20.0,SAS,PF,71.0,0.0,818.0,9.9,0.526,16.3,0.1,1.2,1.3,0.076,-3.1,0.2,-3.0,-0.2,SAS,4900320.0,5145360.0,5390640.0,7983539.0,,,10045680.0
Nikola JoviÄ,22.0,MIA,PF,47.0,1.0,808.0,9.5,0.48,21.4,-0.9,1.0,0.0,0.001,-3.5,-0.1,-3.5,-0.3,MIA,4445417.0,16200000.0,14904000.0,15096000.0,16200000.0,,66845417.0
Jalen Pickett,26.0,DEN,SG,50.0,18.0,807.0,10.3,0.541,14.8,0.6,0.4,1.0,0.059,-1.1,-1.1,-2.3,-0.1,DEN,2221677.0,2406205.0,,,,,2221677.0
Keegan Murray,25.0,SAC,PF,23.0,22.0,793.0,11.7,0.499,18.7,-0.2,0.4,0.2,0.011,-2.0,-1.0,-3.1,-0.2,SAC,11144093.0,24137936.0,26068965.0,27999999.0,29931033.0,31862067.0,151144093.0
Aaron Holiday,29.0,HOU,PG,57.0,1.0,781.0,10.1,0.578,16.6,0.7,0.7,1.4,0.088,-2.2,-0.2,-2.4,-0.1,HOU,2296274.0,,,,,,2296274.0
Jabari Walker,23.0,PHI,PF,64.0,6.0,762.0,12.5,0.568,15.0,0.9,0.8,1.7,0.106,-2.1,-0.6,-2.7,-0.1,PHI,724598.0,2584539.0,,,,,724598.0
Noah Penda,21.0,ORL,SF,59.0,2.0,757.0,11.3,0.506,14.8,0.1,1.0,1.1,0.07,-2.0,0.6,-1.5,0.1,ORL,1272870.0,2150917.0,2525901.0,2735698.0,,,3423787.0
Scoot Henderson,21.0,POR,PG,30.0,10.0,748.0,12.9,0.553,25.0,0.3,0.7,1.0,0.064,-1.7,-0.5,-2.2,0.0,POR,10748040.0,13585523.0,,,,,24333563.0
Pete Nance,25.0,MIL,PF,47.0,6.0,737.0,11.6,0.639,13.5,0.8,0.4,1.1,0.072,-1.0,-1.2,-2.3,-0.1,,,,,,,,
Thomas Bryant,28.0,CLE,C,60.0,1.0,732.0,17.2,0.625,18.6,1.4,0.9,2.3,0.153,0.8,-0.7,0.1,0.4,CLE,2296274.0,,,,,,2296274.0
Steven Adams,32.0,HOU,C,32.0,11.0,730.0,15.8,0.535,12.1,1.1,1.0,2.1,0.141,-0.1,-0.3,-0.5,0.3,HOU,14130434.0,13000000.0,11869566.0,,,,39000000.0
Lonzo Ball,28.0,CLE,PG,35.0,3.0,728.0,9.5,0.432,13.7,-0.4,1.0,0.6,0.042,-2.9,1.8,-1.1,0.2,UTA,10000000.0,,,,,,10000000.0
Tyler Kolek,24.0,NYK,PG,62.0,1.0,727.0,12.5,0.533,18.4,0.6,0.8,1.4,0.093,-0.8,0.2,-0.6,0.3,NYK,2191897.0,2296271.0,2486995.0,,,,4488168.0
Grant Williams,27.0,CHO,PF,36.0,3.0,711.0,12.9,0.609,14.1,1.1,0.8,1.9,0.131,0.6,1.0,1.6,0.7,CHO,13645500.0,14265750.0,,,,,27911250.0
Sharife Cooper,24.0,WAS,PG,41.0,1.0,700.0,13.8,0.609,20.0,0.7,-0.1,0.6,0.041,-1.0,-2.9,-3.9,-0.3,,,,,,,,
Devin Carter,23.0,SAC,PG,38.0,12.0,700.0,13.8,0.508,23.5,-0.2,0.4,0.2,0.012,-1.5,-1.2,-2.6,-0.1,SAC,4923720.0,5158080.0,7370897.0,,,,10081800.0
Jett Howard,22.0,ORL,SF,55.0,0.0,695.0,11.2,0.561,17.2,0.7,0.5,1.3,0.087,-0.8,-1.1,-1.8,0.0,ORL,5529720.0,7337939.0,,,,,5529720.0
Jordan Hawkins,23.0,NOP,SG,51.0,1.0,692.0,7.6,0.48,18.2,-0.6,0.2,-0.4,-0.029,-3.2,-3.0,-6.2,-0.7,NOP,4741320.0,7021895.0,,,,,11763215.0
Rasheer Fleming,21.0,PHO,PF,55.0,1.0,673.0,10.2,0.517,16.3,0.0,0.8,0.8,0.055,-3.0,-0.7,-3.8,-0.3,PHO,1272870.0,2150917.0,2525901.0,2735698.0,,,5949688.0
Jahmai Mashack,23.0,MEM,SG,31.0,7.0,673.0,7.0,0.456,16.0,-1.0,0.5,-0.5,-0.036,-6.1,-0.9,-7.0,-0.8,,,,,,,,
Tristan Vukcevic,22.0,WAS,C,49.0,12.0,671.0,17.8,0.603,26.6,0.4,0.4,0.8,0.054,0.8,-0.8,0.0,0.3,,,,,,,,
Tre Mann,24.0,CHO,PG,53.0,1.0,669.0,8.3,0.462,23.3,-0.8,0.7,0.0,-0.003,-4.5,-0.8,-5.3,-0.5,CHO,8000000.0,8000000.0,8000000.0,,,,16000000.0
Gary Harris,31.0,MIL,SG,48.0,2.0,661.0,8.0,0.593,8.5,0.4,0.3,0.7,0.054,-3.2,0.7,-2.5,-0.1,MIL,3634153.0,3815861.0,,,,,3634153.0
Ethan Thompson,26.0,IND,SG,32.0,13.0,653.0,8.3,0.515,15.7,0.0,0.3,0.3,0.02,-4.1,-0.8,-4.9,-0.5,,,,,,,,
Jamaree Bouyea,26.0,PHO,PG,46.0,1.0,644.0,13.5,0.523,18.5,0.4,0.8,1.1,0.086,-1.4,1.1,-0.4,0.3,,,,,,,,
Johnny Furphy,21.0,IND,SG,35.0,21.0,643.0,9.2,0.547,12.8,0.0,0.5,0.5,0.036,-3.9,0.2,-3.7,-0.3,IND,1955377.0,2296271.0,2486995.0,,,,4251648.0
Mohamed Diawara,20.0,NYK,SF,69.0,7.0,634.0,10.3,0.55,17.1,0.2,0.7,0.9,0.072,-1.8,0.1,-1.7,0.0,NYK,1272870.0,,,,,,1272870.0
Zeke Nnaji,25.0,DEN,PF,52.0,4.0,626.0,10.3,0.558,13.7,0.2,0.7,0.9,0.066,-3.6,0.0,-3.5,-0.3,DEN,8177778.0,7466667.0,7466667.0,,,,15644445.0
Anthony Davis,32.0,DAL,PF,20.0,20.0,626.0,21.5,0.551,27.5,0.4,1.0,1.3,0.103,1.5,0.9,2.4,0.7,WAS,54126450.0,58456566.0,62786682.0,,,,112583016.0
Dorian Finney-Smith,32.0,HOU,PF,37.0,1.0,620.0,5.8,0.452,10.7,0.0,0.6,0.5,0.042,-4.3,-0.1,-4.3,-0.4,HOU,12700000.0,13335000.0,13335000.0,13335000.0,,,39370000.0
Kam Jones,23.0,IND,SG,37.0,7.0,616.0,8.2,0.47,14.4,-0.2,0.2,0.0,0.002,-4.2,-1.9,-6.2,-0.6,IND,1272870.0,2150917.0,2525901.0,2735698.0,,,1272870.0
Kevin Love,37.0,UTA,PF,37.0,5.0,613.0,14.7,0.568,16.6,0.8,0.3,1.1,0.088,1.1,-0.9,0.2,0.3,UTA,4150000.0,,,,,,4150000.0
Taurean Prince,31.0,MIL,SF,26.0,7.0,611.0,10.5,0.617,16.2,0.2,0.3,0.5,0.039,-1.3,-1.8,-3.1,-0.2,MIL,3303774.0,3815861.0,,,,,3303774.0
Jase Richardson,20.0,ORL,SG,54.0,0.0,587.0,11.5,0.574,16.8,0.5,0.5,1.0,0.082,-1.9,-0.7,-2.5,-0.1,ORL,2983320.0,3132360.0,3282000.0,5910882.0,,,6115680.0
Tidjane SalaÃ¼n,20.0,CHO,PF,37.0,0.0,575.0,12.9,0.629,14.9,0.6,0.8,1.4,0.117,-1.2,0.4,-0.8,0.2,CHO,7863240.0,8237880.0,10445633.0,,,,16101120.0
Ja Morant,26.0,MEM,PG,20.0,20.0,569.0,16.6,0.521,32.5,0.0,0.3,0.3,0.024,0.5,-2.0,-1.5,0.1,MEM,39446090.0,42166510.0,44886930.0,,,,126499530.0
Domantas Sabonis,29.0,SAC,C,19.0,15.0,564.0,19.2,0.59,23.0,0.7,0.4,1.1,0.095,0.7,-0.2,0.6,0.4,SAC,42336000.0,45472000.0,48608000.0,,,,136416000.0
Dalton Knecht,24.0,LAL,SF,54.0,1.0,553.0,10.1,0.568,17.7,0.1,0.4,0.4,0.038,-2.1,-1.6,-3.6,-0.2,LAL,4010160.0,4201080.0,6452860.0,,,,8211240.0
Drew Eubanks,28.0,SAC,C,42.0,11.0,552.0,13.6,0.605,16.3,0.3,0.3,0.6,0.053,-3.0,-0.7,-3.7,-0.2,SAC,2296274.0,,,,,,2296274.0
Tyrese Proctor,21.0,CLE,PG,50.0,1.0,545.0,12.2,0.556,22.0,0.2,0.5,0.7,0.066,-2.3,-0.5,-2.8,-0.1,CLE,1272870.0,2150917.0,2525901.0,2735698.0,,,3423787.0
Elijah Harkless,25.0,UTA,SG,26.0,9.0,545.0,9.1,0.471,16.2,-0.1,0.2,0.1,0.005,-4.9,-0.7,-5.6,-0.5,,,,,,,,
Terrence Shannon Jr.,25.0,MIN,SG,43.0,2.0,538.0,11.1,0.597,17.7,0.6,0.4,1.0,0.09,-2.5,-1.1,-3.6,-0.2,MIN,2674080.0,2801640.0,5054159.0,,,,5475720.0
Keaton Wallace,26.0,ATL,PG,53.0,3.0,536.0,10.4,0.52,16.1,0.1,0.6,0.7,0.066,-3.0,0.3,-2.7,-0.1,ATL,2296274.0,,,,,,2296274.0
Moussa Cisse,23.0,DAL,C,38.0,1.0,530.0,16.0,0.564,14.3,0.4,0.9,1.3,0.116,-3.6,0.7,-2.9,-0.1,,,,,,,,
Cole Anthony,25.0,MIL,PG,35.0,0.0,527.0,10.7,0.483,25.8,-0.9,0.4,-0.5,-0.042,-3.9,-0.9,-4.7,-0.4,PHO,5996274.0,3700000.0,3700000.0,,,,2296274.0
Jayson Tatum,27.0,BOS,PF,16.0,16.0,522.0,20.3,0.541,30.0,0.6,1.0,1.6,0.148,2.9,1.8,4.8,0.9,BOS,54126450.0,58456566.0,62786682.0,67116798.0,71446914.0,,242486496.0
Jonathan Isaac,28.0,ORL,PF,52.0,0.0,521.0,11.5,0.498,12.4,0.1,0.8,0.9,0.085,-2.9,1.3,-1.6,0.1,ORL,15000000.0,14500000.0,14500000.0,15000000.0,,,44000000.0
Jamison Battle,24.0,TOR,SF,61.0,2.0,517.0,10.6,0.635,14.1,0.4,0.5,0.9,0.086,-1.6,-1.0,-2.6,-0.1,TOR,1955377.0,2296271.0,,,,,
Asa Newell,20.0,ATL,PF,44.0,2.0,500.0,14.2,0.624,17.1,0.6,0.6,1.2,0.113,-1.0,-0.5,-1.5,0.1,ATL,3237480.0,3399480.0,3560880.0,6042814.0,,,6636960.0
Ariel Hukporti,23.0,NYK,C,54.0,5.0,498.0,11.9,0.619,10.9,0.4,0.8,1.2,0.115,-3.7,1.4,-2.3,0.0,NYK,1955377.0,,,,,,1955377.0
D'Angelo Russell,29.0,DAL,PG,26.0,3.0,495.0,12.3,0.511,26.0,-0.3,0.3,0.0,-0.004,-0.7,-1.6,-2.3,0.0,WAS,5685000.0,5969250.0,,,,,5685000.0
Taelon Peter,23.0,IND,SG,38.0,0.0,492.0,8.6,0.518,16.6,-0.4,0.4,0.0,-0.001,-4.1,-0.4,-4.6,-0.3,,,,,,,,
Bez Mbeng,22.0,UTA,SG,15.0,5.0,492.0,10.5,0.55,11.1,0.2,0.2,0.5,0.047,-5.0,0.1,-4.9,-0.4,,,,,,,,
Branden Carlson,26.0,OKC,C,42.0,4.0,488.0,17.7,0.613,18.9,0.8,1.0,1.7,0.171,0.5,0.3,0.8,0.4,,,,,,,,
Jamal Cain,26.0,ORL,SF,40.0,1.0,486.0,13.0,0.624,16.6,0.8,0.4,1.2,0.116,-0.4,-1.0,-1.4,0.1,,,,,,,,
Cam Christie,20.0,LAC,SG,55.0,0.0,480.0,9.2,0.484,16.9,-0.2,0.4,0.2,0.016,-3.5,-1.1,-4.6,-0.3,LAC,1955377.0,2296271.0,2486995.0,,,,1955377.0
Matisse Thybulle,28.0,POR,SG,30.0,0.0,480.0,14.5,0.6,14.7,0.2,1.0,1.3,0.126,-1.7,6.1,4.4,0.8,POR,11550000.0,,,,,,11550000.0
Maxi Kleber,34.0,LAL,PF,43.0,1.0,461.0,8.1,0.509,9.6,0.2,0.4,0.6,0.063,-4.2,0.3,-3.9,-0.2,LAL,11000000.0,,,,,,11000000.0
Marcus Sasser,25.0,DET,PG,38.0,5.0,457.0,11.2,0.533,19.6,0.2,0.6,0.8,0.085,-1.6,-0.2,-1.7,0.0,DET,2886720.0,5198983.0,,,,,8085703.0
Bogdan BogdanoviÄ,33.0,LAC,SG,23.0,3.0,452.0,8.9,0.525,18.6,-0.1,0.3,0.2,0.02,-2.3,-0.8,-3.1,-0.1,LAC,16020000.0,16020000.0,,,,,16020000.0
Larry Nance Jr.,33.0,CLE,PF,35.0,3.0,449.0,9.5,0.505,14.0,0.0,0.5,0.6,0.06,-3.9,0.5,-3.4,-0.2,CLE,2296274.0,,,,,,2296274.0
Oscar Tshiebwe,26.0,UTA,C,27.0,6.0,448.0,20.2,0.633,17.2,1.1,0.3,1.3,0.141,1.0,-2.8,-1.8,0.0,,,,,,,,
Doug McDermott,34.0,SAC,SF,29.0,0.0,439.0,8.6,0.574,15.1,0.2,-0.1,0.2,0.018,-1.4,-3.0,-4.4,-0.3,SAC,2296274.0,,,,,,2296274.0
Leaky Black,26.0,WAS,SF,15.0,9.0,433.0,7.8,0.498,11.6,-0.1,0.1,0.0,0.004,-4.2,-1.1,-5.3,-0.4,,,,,,,,
Moritz Wagner,28.0,ORL,C,36.0,0.0,427.0,15.3,0.545,24.3,0.4,0.6,0.9,0.104,-1.4,-0.8,-2.2,0.0,ORL,5000000.0,,,,,,5000000.0
Yanic Konan NiederhÃ¤user,22.0,LAC,C,41.0,0.0,424.0,16.4,0.691,15.7,0.8,0.5,1.3,0.152,-2.6,0.4,-2.2,0.0,LAC,2743800.0,2880960.0,3018480.0,5448356.0,,,5624760.0
Obi Toppin,27.0,IND,PF,24.0,3.0,424.0,19.7,0.636,24.8,0.7,0.3,1.1,0.124,3.4,-0.4,3.0,0.5,IND,14000000.0,15000000.0,16025000.0,,,,45025000.0
Khaman Maluach,19.0,PHO,C,46.0,1.0,411.0,14.0,0.586,14.8,0.2,0.6,0.8,0.099,-3.7,0.0,-3.7,-0.2,PHO,6016080.0,6316680.0,6617160.0,8436880.0,,,12332760.0
Myron Gardner,24.0,MIA,SF,45.0,7.0,411.0,15.2,0.606,15.0,0.8,0.6,1.4,0.163,-1.1,1.9,0.9,0.3,MIA,395029.0,2150917.0,2525901.0,,,,395029.0
Andre Jackson Jr.,24.0,MIL,SG,48.0,1.0,408.0,6.8,0.425,17.8,-0.7,0.3,-0.4,-0.047,-5.7,-1.4,-7.1,-0.5,MIL,2221677.0,2406205.0,,,,,
Killian Hayes,24.0,SAC,PG,23.0,3.0,406.0,8.8,0.422,18.7,-0.5,0.2,-0.3,-0.031,-5.1,-0.9,-6.0,-0.4,SAC,263940.0,,,,,,263940.0
Jae'Sean Tate,30.0,HOU,SF,46.0,1.0,405.0,10.7,0.567,13.5,0.4,0.4,0.8,0.095,-3.2,-0.7,-3.9,-0.2,HOU,2296274.0,,,,,,2296274.0
Julian Reese,22.0,WAS,PF,13.0,10.0,402.0,14.4,0.557,17.7,0.1,0.3,0.3,0.041,-2.9,-2.2,-5.1,-0.3,,,,,,,,
Dejounte Murray,29.0,NOP,PG,14.0,14.0,389.0,18.1,0.58,26.6,0.2,0.4,0.6,0.072,0.8,0.5,1.4,0.3,NOP,30801103.0,32785071.0,30751504.0,,,,63586174.0
Tyson Etienne,26.0,BRK,PG,24.0,2.0,380.0,11.9,0.588,20.3,0.4,0.1,0.5,0.069,-0.8,-2.0,-2.8,-0.1,,,,,,,,
Bronny James,21.0,LAL,SG,42.0,1.0,375.0,9.0,0.517,16.7,-0.2,0.3,0.1,0.018,-3.4,-0.9,-4.3,-0.2,LAL,1955377.0,2296271.0,2486995.0,,,,1955377.0
Nick Smith Jr.,21.0,LAL,SG,30.0,1.0,375.0,10.2,0.552,22.0,-0.1,0.2,0.1,0.013,-2.1,-2.6,-4.7,-0.3,CHO,2710680.0,,,,,,2710680.0
Cameron Payne,31.0,PHI,PG,22.0,1.0,374.0,14.4,0.514,19.2,0.4,0.5,0.8,0.106,-0.7,1.0,0.3,0.2,PHI,712637.0,,,,,,712637.0
Liam McNeeley,20.0,CHO,SF,31.0,0.0,368.0,10.6,0.588,14.4,0.5,0.4,0.9,0.112,-1.3,0.0,-1.3,0.1,CHO,2763960.0,2902080.0,3040320.0,5487778.0,,,5666040.0
Blake Wesley,22.0,POR,SG,31.0,0.0,361.0,10.8,0.511,19.8,-0.1,0.4,0.3,0.038,-3.7,0.1,-3.6,-0.1,POR,5643732.0,,,,,,2296274.0
Kelly Olynyk,34.0,SAS,C,42.0,0.0,360.0,13.5,0.59,16.0,0.4,0.6,1.0,0.13,-1.3,1.3,-0.1,0.2,SAS,13445122.0,,,,,,13445122.0
Malachi Smith,26.0,BRK,SG,15.0,4.0,359.0,13.7,0.605,14.2,0.5,0.2,0.7,0.094,-0.1,-0.8,-0.8,0.1,BRK,73153.0,,,,,,115803.0
Kennedy Chandler,23.0,UTA,PG,11.0,2.0,355.0,13.0,0.529,20.7,0.2,0.0,0.2,0.029,-2.5,-3.1,-5.7,-0.3,,,,,,,,
Cam Whitmore,21.0,WAS,SF,21.0,0.0,354.0,13.7,0.528,23.7,-0.1,0.1,0.0,-0.002,-1.1,-2.1,-3.3,-0.1,WAS,3539760.0,5458310.0,,,,,8998070.0
E.J. Liddell,25.0,BRK,PF,26.0,5.0,349.0,12.6,0.6,17.2,0.3,0.2,0.5,0.074,-2.2,-1.2,-3.3,-0.1,PHO,706898.0,706898.0,,,,,1413796.0
Brooks Barnhizer,23.0,OKC,SG,40.0,0.0,348.0,7.9,0.451,10.6,-0.1,0.6,0.6,0.082,-4.1,1.0,-3.1,-0.1,,,,,,,,
Chaney Johnson,23.0,BRK,SF,17.0,1.0,348.0,16.0,0.635,16.2,0.6,0.3,0.9,0.128,-0.3,0.4,0.1,0.2,,,,,,,,
Isaiah Livers,27.0,PHO,PF,36.0,0.0,347.0,7.6,0.469,9.9,0.0,0.4,0.4,0.057,-3.7,1.2,-2.5,0.0,,,,,,,,
Lachlan Olbrich,22.0,CHI,C,37.0,2.0,344.0,12.0,0.47,13.4,0.2,0.3,0.5,0.075,-3.3,-0.2,-3.4,-0.1,,,,,,,,
Ty Jerome,28.0,MEM,SG,15.0,15.0,339.0,25.6,0.616,32.7,1.1,0.2,1.3,0.191,8.2,-0.6,7.7,0.8,MEM,8781000.0,9220050.0,9659100.0,,,,18001050.0
Ron Harper Jr.,25.0,BOS,SF,29.0,3.0,318.0,13.1,0.55,16.4,0.4,0.4,0.8,0.119,0.2,0.9,1.1,0.3,,,,,,,,
Joan Beringer,19.0,MIN,PF,40.0,3.0,314.0,21.3,0.683,16.8,1.0,0.5,1.5,0.222,0.2,0.2,0.4,0.2,MIN,4201080.0,4411200.0,4621200.0,7098163.0,,,8612280.0
Jalen Slawson,26.0,IND,SF,13.0,6.0,311.0,12.6,0.562,13.9,0.0,0.4,0.5,0.07,-2.2,1.8,-0.4,0.1,,,,,,,,
Kevon Looney,29.0,NOP,C,21.0,8.0,308.0,13.6,0.458,9.9,0.4,0.3,0.7,0.109,-1.2,-0.6,-1.8,0.0,NOP,8000000.0,8000000.0,,,,,8000000.0
Tyler Burton,25.0,MEM,SF,12.0,0.0,307.0,9.5,0.521,18.3,-0.1,0.2,0.1,0.023,-3.4,-1.9,-5.3,-0.3,,,,,,,,
Yang Hansen,20.0,POR,C,43.0,1.0,300.0,3.7,0.413,19.9,-0.8,0.3,-0.5,-0.075,-8.9,-0.6,-9.5,-0.6,POR,4422360.0,4643520.0,4864920.0,7462788.0,,,9065880.0
Pat Connaughton,33.0,CHO,SG,42.0,0.0,297.0,12.9,0.586,14.9,0.3,0.4,0.7,0.113,-0.2,0.3,0.1,0.2,CHO,10739683.0,3815861.0,,,,,10739683.0
LJ Cryer,24.0,GSW,PG,18.0,1.0,292.0,9.9,0.59,20.3,0.2,0.1,0.3,0.045,-1.8,-2.9,-4.7,-0.2,,,,,,,,
Max Strus,29.0,CLE,SF,12.0,5.0,288.0,12.8,0.609,17.4,0.4,0.2,0.7,0.116,0.1,-1.3,-1.2,0.1,CLE,15936452.0,16660836.0,,,,,32597288.0
Lindy Waters III,28.0,SAS,SG,40.0,0.0,285.0,7.5,0.532,14.2,0.1,0.3,0.4,0.063,-2.9,-0.3,-3.2,-0.1,SAS,2296274.0,,,,,,2296274.0
Blake Hinson,26.0,UTA,SF,14.0,3.0,285.0,16.5,0.684,18.3,0.7,0.0,0.7,0.112,2.5,-3.0,-0.6,0.1,,,,,,,,
Zach Edey,23.0,MEM,C,11.0,11.0,284.0,20.7,0.669,20.2,0.4,0.4,0.8,0.134,-0.6,1.1,0.5,0.2,MEM,6045000.0,6332760.0,8067937.0,,,,12377760.0
Jordan McLaughlin,29.0,SAS,PG,44.0,0.0,282.0,12.0,0.542,14.5,0.1,0.5,0.6,0.1,-1.9,2.5,0.6,0.2,SAS,2296274.0,,,,,,2296274.0
Keshad Johnson,24.0,MIA,SF,32.0,0.0,280.0,15.2,0.582,18.9,0.3,0.4,0.6,0.11,-1.3,0.0,-1.3,0.1,MIA,1955377.0,,,,,,1955377.0
Malevy Leons,26.0,GSW,SF,25.0,2.0,276.0,12.2,0.516,14.4,0.2,0.3,0.5,0.087,-3.0,0.2,-2.8,-0.1,,,,,,,,
Malaki Branham,22.0,WAS,SG,28.0,0.0,275.0,14.0,0.604,18.4,0.3,0.0,0.4,0.064,-0.8,-1.5,-2.2,0.0,CHO,4962033.0,,,,,,4962033.0
Cormac Ryan,27.0,MIL,SG,11.0,2.0,271.0,16.9,0.692,21.3,0.5,0.1,0.6,0.114,1.0,-1.8,-0.8,0.1,,,,,,,,
Chaz Lanier,24.0,DET,SG,34.0,0.0,262.0,6.6,0.436,15.0,0.0,0.3,0.3,0.046,-3.8,-1.3,-5.1,-0.2,DET,1372870.0,2150917.0,2525901.0,2735698.0,,,3523787.0
Duop Reath,29.0,POR,C,32.0,0.0,258.0,10.6,0.613,13.2,0.3,0.2,0.6,0.103,-0.9,0.0,-0.9,0.1,ATL,2221677.0,,,,,,
John Poulakidas,22.0,DAL,SG,13.0,0.0,253.0,12.0,0.611,16.2,0.3,0.2,0.5,0.095,-1.0,-1.2,-2.2,0.0,,,,,,,,
Jonathan Mogbo,24.0,TOR,PF,40.0,0.0,249.0,12.8,0.608,11.1,0.2,0.4,0.6,0.12,-2.6,1.9,-0.7,0.1,TOR,1955377.0,2296271.0,,,,,1955377.0
Adama-Alpha Bal,22.0,MEM,SG,8.0,1.0,241.0,9.6,0.573,13.5,0.2,0.1,0.3,0.065,-3.6,-1.8,-5.4,-0.2,MEM,117045.0,,,,,,117045.0
Nate Williams,26.0,GSW,SG,14.0,2.0,239.0,11.3,0.592,19.5,0.2,0.1,0.3,0.052,-2.1,-2.9,-5.0,-0.2,,,,,,,,
Drew Timme,25.0,LAL,PF,27.0,1.0,235.0,12.6,0.658,15.4,0.3,0.1,0.4,0.092,-0.8,-1.4,-2.2,0.0,BRK,1955377.0,,,,,,1955377.0
DeJon Jarreau,28.0,MEM,SG,11.0,0.0,231.0,9.7,0.473,21.4,-0.4,0.2,-0.2,-0.035,-4.9,-0.3,-5.2,-0.2,,,,,,,,
Chris Paul,40.0,LAC,PG,16.0,0.0,228.0,8.1,0.413,14.2,-0.1,0.2,0.1,0.017,-4.0,-0.2,-4.2,-0.1,TOR,2296274.0,,,,,,2296274.0
A.J. Lawson,25.0,TOR,SG,24.0,0.0,226.0,13.4,0.588,17.5,0.2,0.4,0.6,0.121,-1.3,0.4,-1.0,0.1,,,,,,,,
Lucas Williamson,27.0,MEM,SG,7.0,2.0,224.0,8.0,0.465,16.4,-0.1,0.2,0.0,0.005,-5.4,-2.1,-7.6,-0.3,MEM,21946.0,,,,,,21946.0
JD Davison,23.0,HOU,PG,28.0,0.0,218.0,11.4,0.477,15.3,0.2,0.3,0.5,0.102,-2.4,1.3,-1.1,0.0,BOS,2270735.0,,,,,,2270735.0
Toby Okani,24.0,MEM,SG,6.0,4.0,217.0,4.1,0.408,14.7,-0.3,0.0,-0.2,-0.052,-6.8,-3.9,-10.7,-0.5,,,,,,,,
Scotty Pippen Jr.,25.0,MEM,PG,10.0,6.0,212.0,14.7,0.537,26.1,-0.1,0.2,0.1,0.025,-2.5,-0.3,-2.8,0.0,MEM,2270735.0,2461462.0,2789215.0,,,,2270735.0
DaRon Holmes,23.0,DEN,PF,25.0,6.0,210.0,13.4,0.692,16.4,0.3,0.1,0.4,0.103,0.7,-1.2,-0.5,0.1,DEN,3218760.0,3372120.0,5547138.0,,,,6590880.0
Yuki Kawamura,24.0,CHI,PG,18.0,0.0,209.0,11.4,0.514,14.8,0.2,0.1,0.3,0.069,-2.7,-1.0,-3.7,-0.1,,,,,,,,
DeAndre Jordan,37.0,NOP,C,12.0,7.0,199.0,15.7,0.671,10.1,0.3,0.2,0.6,0.134,-0.4,0.2,-0.2,0.1,NOP,2269880.0,,,,,,2269880.0
Garrison Mathews,29.0,IND,SG,15.0,1.0,196.0,11.2,0.628,14.1,0.3,0.1,0.4,0.097,-1.3,0.0,-1.3,0.0,IND,429325.0,,,,,,561295.0
MarJon Beauchamp,25.0,PHI,SF,14.0,1.0,196.0,13.4,0.563,21.0,0.0,0.2,0.2,0.06,-0.6,-1.0,-1.6,0.0,,,,,,,,
Nigel Hayes-Davis,31.0,PHO,SF,27.0,0.0,195.0,4.2,0.356,12.1,-0.3,0.2,-0.1,-0.023,-6.4,-0.8,-7.3,-0.3,MIL,2048494.0,,,,,,2048494.0
Zach Collins,28.0,CHI,C,10.0,0.0,184.0,17.9,0.666,18.8,0.4,0.1,0.5,0.137,1.0,-0.7,0.2,0.1,CHI,18080496.0,,,,,,18080496.0
Dariq Whitehead,21.0,MEM,SF,6.0,2.0,183.0,8.7,0.51,24.1,-0.2,0.1,-0.2,-0.047,-3.6,-4.4,-8.0,-0.3,BRK,3262560.0,,,,,,3262560.0
Tre Scott,29.0,BRK,PF,6.0,4.0,182.0,9.4,0.456,13.6,-0.1,0.1,0.1,0.025,-4.2,-1.1,-5.3,-0.2,BRK,129503.0,,,,,,174503.0
Jeff Green,39.0,HOU,PF,30.0,0.0,175.0,8.5,0.477,17.8,0.1,0.1,0.2,0.054,-3.4,-2.2,-5.6,-0.2,HOU,2296274.0,,,,,,2296274.0
Andersson Garcia,25.0,UTA,SF,5.0,2.0,169.0,8.3,0.394,9.7,0.0,0.1,0.1,0.014,-5.2,-0.5,-5.7,-0.2,,,,,,,,
Tyler Smith,21.0,DAL,PF,12.0,0.0,166.0,9.6,0.532,14.8,0.0,0.1,0.1,0.043,-3.3,-1.6,-4.8,-0.1,MIL,1955377.0,,,,,,1955377.0
Hunter Tyson,25.0,DEN,PF,21.0,2.0,162.0,6.4,0.398,16.8,-0.2,0.1,0.0,-0.013,-5.2,-1.6,-6.8,-0.2,BRK,2221677.0,,,,,,2221677.0
Nikola TopiÄ,20.0,OKC,PG,10.0,2.0,160.0,8.1,0.489,21.2,-0.3,0.2,0.0,-0.014,-5.3,-3.2,-8.4,-0.3,OKC,5182920.0,5429760.0,7482210.0,,,,10612680.0
Kevin McCullar Jr.,24.0,NYK,SF,21.0,0.0,155.0,9.9,0.508,16.9,0.0,0.2,0.2,0.059,-3.7,1.0,-2.8,0.0,,,,,,,,
Walker Kessler,24.0,UTA,C,5.0,5.0,154.0,20.6,0.786,16.5,0.3,0.1,0.5,0.148,1.6,1.7,3.3,0.2,UTA,4878938.0,,,,,,4878938.0
Joe Ingles,38.0,MIN,SF,27.0,2.0,153.0,13.0,0.735,11.5,0.2,0.2,0.4,0.12,-1.2,1.4,0.2,0.1,MIN,2296274.0,,,,,,2296274.0
Adou Thiero,21.0,LAL,SF,25.0,0.0,149.0,10.7,0.578,14.6,0.1,0.2,0.2,0.071,-4.2,-0.2,-4.4,-0.1,LAL,1272870.0,2150917.0,2525901.0,,,,3423787.0
Thanasis Antetokounmpo,33.0,MIL,SF,34.0,0.0,148.0,14.0,0.52,16.5,0.0,0.2,0.2,0.076,-3.5,1.8,-1.7,0.0,MIL,2296274.0,,,,,,2296274.0
Alijah Martin,24.0,TOR,SG,23.0,0.0,146.0,9.2,0.437,19.5,-0.2,0.2,0.0,0.015,-4.6,0.2,-4.3,-0.1,,,,,,,,
Amari Williams,24.0,BOS,PF,22.0,2.0,146.0,9.7,0.573,11.1,0.0,0.3,0.2,0.077,-5.0,2.9,-2.1,0.0,BOS,490128.0,2150917.0,,,,,2641045.0
Bismack Biyombo,33.0,SAS,C,25.0,1.0,141.0,4.5,0.636,7.8,0.0,0.2,0.2,0.057,-7.2,1.4,-5.8,-0.1,SAS,2296274.0,,,,,,2296274.0
Tolu Smith,25.0,DET,PF,15.0,0.0,137.0,16.9,0.569,17.1,0.3,0.2,0.5,0.185,-0.9,0.9,0.0,0.1,,,,,,,,
PacÃ´me Dadiet,20.0,NYK,SG,29.0,0.0,136.0,9.6,0.454,17.6,0.0,0.2,0.2,0.062,-3.0,-0.2,-3.3,0.0,NYK,2847600.0,2983680.0,5373608.0,,,,5831280.0
Miles Kelly,23.0,DAL,PG,14.0,0.0,134.0,8.2,0.484,15.8,-0.1,0.1,0.0,0.013,-4.6,-0.5,-5.1,-0.1,,,,,,,,
Seth Curry,35.0,GSW,SG,10.0,0.0,133.0,16.0,0.654,18.0,0.4,0.1,0.4,0.152,1.6,-1.3,0.2,0.1,GSW,1755198.0,,,,,,1755198.0
Bradley Beal,32.0,LAC,SG,6.0,6.0,121.0,5.1,0.476,22.2,-0.2,0.0,-0.2,-0.07,-6.7,-3.9,-10.6,-0.3,LAC,24737010.0,25004710.0,19383010.0,19383010.0,19383010.0,,5354000.0
Kobe Bufkin,22.0,LAL,SG,16.0,1.0,119.0,6.2,0.416,22.1,-0.2,0.1,-0.1,-0.056,-6.2,-3.2,-9.4,-0.2,MEM,5480297.0,,,,,,131970.0
Kyle Lowry,39.0,PHI,PG,14.0,0.0,118.0,1.4,0.308,11.3,-0.2,0.1,-0.2,-0.062,-8.2,-2.2,-10.4,-0.3,PHI,2296274.0,,,,,,2296274.0
Dereck Lively II,21.0,DAL,C,7.0,4.0,115.0,15.0,0.67,11.8,0.1,0.2,0.3,0.127,-3.0,3.6,0.6,0.1,DAL,5253360.0,7239131.0,,,,,12492491.0
Trey Alexander,22.0,NOP,SG,9.0,0.0,111.0,13.2,0.599,15.8,0.1,0.1,0.2,0.09,-1.5,-0.1,-1.6,0.0,,,,,,,,
Omer Yurtseven,27.0,GSW,C,9.0,0.0,104.0,9.1,0.501,17.5,0.0,0.1,0.1,0.024,-5.6,-2.0,-7.6,-0.1,,,,,,,,
Luke Travers,24.0,CLE,SG,12.0,0.0,103.0,10.2,0.35,17.5,-0.1,0.2,0.1,0.024,-4.2,1.0,-3.2,0.0,,,,,,,,
Alondes Williams,26.0,WAS,SG,4.0,0.0,101.0,19.1,0.745,14.3,0.3,0.0,0.3,0.155,1.5,-0.5,1.1,0.1,WAS,131970.0,,,,,,131970.0
Taj Gibson,40.0,MEM,C,10.0,1.0,97.0,13.6,0.576,13.1,0.2,0.1,0.3,0.134,-1.4,-2.1,-3.5,0.0,,,,,,,,
Javonte Cooke,26.0,POR,SG,19.0,0.0,94.0,-0.1,0.275,22.0,-0.5,0.1,-0.3,-0.175,-10.5,-1.1,-11.7,-0.2,,,,,,,,
Chris Boucher,33.0,BOS,PF,9.0,0.0,94.0,7.7,0.392,12.8,-0.1,0.2,0.1,0.064,-5.9,2.7,-3.1,0.0,UTA,2296274.0,,,,,,2296274.0
Isaiah Crawford,24.0,HOU,SF,14.0,0.0,92.0,9.8,0.526,14.0,0.0,0.1,0.1,0.069,-3.0,0.1,-3.0,0.0,,,,,,,,
Haywood Highsmith,29.0,PHO,SF,7.0,0.0,91.0,17.6,0.729,12.2,0.4,0.1,0.5,0.238,2.7,1.2,3.8,0.1,PHO,6443984.0,3018158.0,,,,,1827984.0
Johnny Juzang,24.0,MIN,SG,21.0,0.0,88.0,12.1,0.518,22.3,0.0,0.1,0.1,0.038,-1.6,-1.7,-3.3,0.0,,,,,,,,
TyTy Washington Jr.,24.0,LAC,PG,16.0,0.0,88.0,13.4,0.553,11.1,0.1,0.1,0.2,0.121,-0.8,2.6,1.9,0.1,,,,,,,,
Curtis Jones,24.0,DEN,SG,10.0,0.0,88.0,10.8,0.52,14.7,0.1,0.1,0.1,0.072,-3.0,-0.5,-3.5,0.0,,,,,,,,
Tristan Enaruna,24.0,CLE,SF,9.0,0.0,85.0,16.2,0.587,17.1,0.2,0.1,0.2,0.137,-0.5,-0.4,-1.0,0.0,,,,,,,,
Koby Brea,23.0,PHO,SG,12.0,0.0,84.0,13.6,0.61,20.7,0.2,0.1,0.2,0.117,1.7,-1.4,0.2,0.0,,,,,,,,
Trey Jemison,26.0,NYK,C,13.0,0.0,82.0,4.3,0.623,10.7,-0.1,0.1,0.0,-0.018,-8.3,-0.3,-8.6,-0.1,,,,,,,,
Josh Oduro,25.0,NOP,PF,3.0,1.0,82.0,11.8,0.636,11.0,0.2,0.0,0.2,0.109,-3.5,-4.3,-7.7,-0.1,,,,,,,,
Caleb Houstan,23.0,ATL,SF,18.0,0.0,75.0,16.4,0.769,17.4,0.2,0.1,0.2,0.16,1.6,-1.2,0.3,0.0,ATL,699440.0,,,,,,699440.0
Eric Gordon,37.0,PHI,SG,6.0,0.0,74.0,14.4,0.754,14.2,0.1,0.1,0.2,0.116,2.1,0.3,2.4,0.1,MEM,2296274.0,,,,,,2296274.0
Garrett Temple,39.0,TOR,SG,22.0,0.0,73.0,5.7,0.448,15.3,-0.1,0.1,0.0,-0.022,-5.9,1.0,-4.9,-0.1,TOR,2296274.0,,,,,,2296274.0
David Roddy,24.0,DEN,PF,5.0,0.0,73.0,20.4,0.605,20.9,0.2,0.1,0.3,0.185,0.7,-0.7,0.0,0.0,,,,,,,,
Bobi Klintman,22.0,DET,SF,12.0,0.0,71.0,4.5,0.388,20.1,-0.2,0.1,-0.1,-0.043,-7.7,-1.0,-8.7,-0.1,DET,1955377.0,,,,,,1955377.0
David Jones GarcÃ­a,24.0,SAS,SF,11.0,0.0,68.0,20.9,0.579,20.2,0.1,0.1,0.3,0.205,2.6,3.8,6.4,0.1,,,,,,,,
Antonio Reeves,25.0,CHO,SG,10.0,0.0,68.0,12.4,0.675,13.1,0.1,0.0,0.2,0.13,1.2,0.1,1.3,0.1,,,,,,,,
Kadary Richmond,24.0,WAS,SG,3.0,0.0,67.0,20.0,0.722,12.0,0.2,0.1,0.2,0.175,-0.8,4.4,3.6,0.1,WAS,73153.0,,,,,,73153.0
Monte Morris,30.0,IND,PG,6.0,0.0,65.0,6.9,0.414,15.5,-0.1,0.0,0.0,-0.028,-4.5,-1.4,-5.9,-0.1,IND,321184.0,,,,,,321184.0
Drew Peterson,26.0,CHO,PF,6.0,0.0,64.0,0.6,0.148,11.2,-0.2,0.1,-0.1,-0.077,-8.3,-1.5,-9.8,-0.1,,,,,,,,
Payton Sandfort,23.0,OKC,SF,4.0,0.0,63.0,13.1,0.63,19.8,0.1,0.1,0.2,0.125,-2.5,-3.3,-5.8,-0.1,,,,,,,,
Wendell Moore Jr.,24.0,DET,SG,6.0,0.0,60.0,8.9,0.635,6.2,0.1,0.1,0.1,0.116,-3.0,1.8,-1.3,0.0,,,,,,,,
DaQuan Jeffries,28.0,SAC,SG,3.0,0.0,60.0,16.3,0.731,15.0,0.2,0.0,0.2,0.165,0.9,-1.1,-0.2,0.0,,,,,,,,
Jahmir Young,25.0,MIA,PG,14.0,0.0,58.0,8.5,0.483,20.3,0.0,0.0,0.0,0.016,-4.8,-1.9,-6.7,-0.1,,,,,,,,
James Wiseman,24.0,IND,C,4.0,1.0,58.0,4.1,0.597,11.6,0.0,0.0,0.0,-0.028,-8.0,-1.0,-9.0,-0.1,IND,1131970.0,,,,,,1131970.0
Johni Broome,23.0,PHI,C,11.0,0.0,55.0,0.4,0.188,22.8,-0.3,0.1,-0.2,-0.212,-11.9,-4.4,-16.2,-0.2,PHI,1272870.0,2150917.0,2525901.0,2735698.0,,,3423787.0
Cody Martin,30.0,IND,SF,4.0,0.0,55.0,3.0,0.277,12.8,-0.2,0.1,-0.1,-0.103,-10.1,2.1,-8.0,-0.1,,,,,,,,
Lawson Lovering,22.0,MEM,C,2.0,1.0,49.0,13.7,0.574,12.1,0.1,0.1,0.1,0.106,-3.7,0.1,-3.6,0.0,MEM,87784.0,,,,,,87784.0
Chris MaÃ±on,24.0,LAL,SG,9.0,0.0,46.0,11.7,0.451,8.3,0.0,0.1,0.1,0.115,-4.6,4.7,0.1,0.0,,,,,,,,
Mouhamadou Gueye,27.0,CHI,PF,2.0,0.0,45.0,12.8,0.627,14.6,0.0,0.0,0.1,0.086,-2.2,-1.7,-3.9,0.0,,,,,,,,
Zyon Pullin,24.0,MIN,SG,5.0,0.0,43.0,18.8,0.779,17.4,0.2,0.0,0.2,0.222,0.2,-1.3,-1.1,0.0,,,,,,,,
Isaiah Stevens,25.0,SAC,PG,3.0,0.0,43.0,16.5,0.571,10.6,0.1,0.0,0.1,0.133,-1.2,3.4,2.2,0.0,,,,,,,,
John Tonje,24.0,BOS,SG,6.0,0.0,42.0,9.1,0.476,16.3,0.0,0.1,0.1,0.101,-6.3,1.2,-5.1,0.0,BOS,73153.0,,,,,,73153.0
Hunter Dickinson,25.0,NOP,C,5.0,0.0,42.0,3.8,0.403,17.7,-0.1,0.0,-0.1,-0.094,-8.4,-2.9,-11.4,-0.1,,,,,,,,
Dario Å ariÄ,31.0,SAC,C,5.0,0.0,41.0,0.6,0.363,9.2,-0.1,0.0,-0.1,-0.081,-6.7,-2.3,-9.0,-0.1,DET,5426400.0,,,,,,5426400.0
CJ Huntley,24.0,PHO,SF,4.0,0.0,40.0,10.9,0.545,11.7,0.1,0.0,0.1,0.099,-3.9,-0.5,-4.4,0.0,,,,,,,,
Dillon Jones,24.0,NYK,SF,7.0,0.0,39.0,10.3,0.418,11.8,0.0,0.1,0.1,0.134,-5.4,2.8,-2.6,0.0,WAS,2753280.0,,,,,,2753280.0
Olivier Sarr,26.0,CLE,C,4.0,0.0,39.0,17.5,0.761,12.1,0.1,0.1,0.2,0.203,-1.7,4.3,2.6,0.0,,,,,,,,
Skal LabissiÃ¨re,29.0,WAS,PF,3.0,0.0,38.0,16.3,0.65,12.1,0.1,0.0,0.1,0.12,-0.1,0.4,0.3,0.0,WAS,131970.0,,,,,,131970.0
Enrique Freeman,25.0,MIN,PF,4.0,0.0,37.0,15.6,0.666,13.4,0.0,0.1,0.1,0.162,-1.5,1.5,0.0,0.0,,,,,,,,
Max Shulga,23.0,BOS,SG,11.0,1.0,36.0,0.2,0.394,14.3,-0.1,0.0,0.0,-0.038,-10.9,-0.5,-11.5,-0.1,,,,,,,,
Markelle Fultz,27.0,TOR,PG,5.0,0.0,36.0,-2.0,0.182,17.9,-0.2,0.0,-0.2,-0.209,-12.3,-4.0,-16.3,-0.1,,,,,,,,
Rocco Zikarsky,19.0,MIN,C,5.0,0.0,36.0,21.0,0.717,12.6,0.1,0.1,0.2,0.237,0.7,1.7,2.4,0.0,,,,,,,,
Grant Nelson,23.0,BRK,PF,4.0,0.0,35.0,17.6,0.634,21.7,0.0,0.1,0.1,0.098,-2.6,4.8,2.2,0.0,BRK,73153.0,,,,,,73153.0
Emanuel Miller,25.0,CHI,PF,5.0,0.0,33.0,15.0,0.54,17.5,0.1,0.0,0.1,0.111,1.6,0.9,2.5,0.0,,,,,,,,
Jahmyl Telfort,24.0,LAC,PF,8.0,0.0,32.0,-5.3,0.087,9.4,-0.1,0.0,-0.1,-0.163,-12.1,-1.7,-13.8,-0.1,,,,,,,,
Sean Pedulla,23.0,LAC,PG,7.0,0.0,31.0,6.6,0.433,22.9,0.0,0.0,0.0,-0.03,-6.9,-4.9,-11.8,-0.1,,,,,,,,
Harrison Ingram,23.0,SAS,SF,7.0,0.0,26.0,15.8,0.917,11.3,0.1,0.0,0.1,0.178,3.6,-1.4,2.3,0.0,,,,,,,,
Hunter Sallis,22.0,PHI,SG,7.0,0.0,26.0,2.0,0.595,17.7,-0.1,0.0,-0.1,-0.149,-7.7,-2.9,-10.6,-0.1,,,,,,,,
Mark Sears,23.0,MIL,PG,7.0,0.0,26.0,15.2,0.666,34.9,0.0,0.0,0.0,0.013,2.4,-4.6,-2.2,0.0,,,,,,,,
Orlando Robinson,25.0,ORL,C,4.0,1.0,25.0,14.6,0.7,8.4,0.1,0.0,0.1,0.196,0.8,0.6,1.4,0.0,,,,,,,,
Hayden Gray,22.0,UTA,SG,1.0,0.0,25.0,9.4,0.773,8.0,0.0,0.0,0.0,0.044,-3.7,-1.6,-5.3,0.0,,,,,,,,
Vladislav Goldin,24.0,MIA,C,9.0,0.0,24.0,14.7,0.788,12.6,0.0,0.0,0.1,0.121,-5.0,4.5,-0.5,0.0,,,,,,,,
Norchad Omier,24.0,LAC,PF,6.0,0.0,24.0,31.5,0.751,20.9,0.2,0.0,0.2,0.38,6.2,-0.1,6.0,0.0,,,,,,,,
Alex Morales,28.0,ORL,PG,4.0,0.0,24.0,0.9,0.508,20.9,-0.1,0.0,-0.1,-0.104,-12.2,-3.8,-16.0,-0.1,,,,,,,,
Jayson Kent,23.0,POR,SF,5.0,0.0,22.0,17.3,0.672,13.8,0.0,0.0,0.1,0.181,0.6,3.6,4.2,0.0,,,,,,,,
Alex Antetokounmpo,24.0,MIL,SF,6.0,0.0,21.0,28.6,0.651,32.8,0.1,0.0,0.1,0.282,7.3,-1.9,5.4,0.0,,,,,,,,
Colin Castleton,25.0,ORL,C,4.0,0.0,21.0,7.9,0.46,15.0,0.0,0.0,0.0,-0.003,-6.1,-1.5,-7.7,0.0,,,,,,,,
Brandon Clarke,29.0,MEM,PF,2.0,2.0,20.0,12.3,0.372,22.4,0.0,0.0,0.0,0.038,-4.7,-0.2,-4.9,0.0,MEM,12500000.0,12500000.0,,,,,25000000.0
Jacob Toppin,25.0,ATL,SF,5.0,0.0,17.0,15.2,0.667,14.7,0.0,0.0,0.0,0.13,-0.1,0.6,0.5,0.0,,,,,,,,
Chris Livingston,22.0,CLE,SF,3.0,0.0,17.0,15.4,0.605,18.4,0.0,0.0,0.1,0.164,-4.7,2.1,-2.7,0.0,MIL,,,,,,,2296274.0
Trevor Keels,22.0,MIA,SG,8.0,0.0,15.0,2.8,0.333,32.6,-0.1,0.0,-0.1,-0.197,-9.4,-5.2,-14.5,0.0,,,,,,,,
Buddy Boeheim,26.0,OKC,SF,4.0,0.0,15.0,4.6,0.5,17.3,0.0,0.0,0.0,0.012,-3.8,-4.5,-8.4,0.0,,,,,,,,
N'Faly Dante,24.0,ATL,C,4.0,0.0,15.0,12.4,0.338,15.1,0.0,0.0,0.0,0.051,-3.7,-0.8,-4.5,0.0,ATL,2048494.0,,,,,,
Chucky Hepburn,22.0,TOR,PG,2.0,0.0,13.0,-13.5,0.0,23.1,-0.1,0.0,-0.1,-0.441,-20.7,-3.1,-23.8,-0.1,,,,,,,,
Tristen Newton,24.0,HOU,SG,1.0,0.0,12.0,32.8,0.581,36.2,0.1,0.0,0.1,0.28,8.5,0.0,8.4,0.0,,,,,,,,
Tosan Evbuomwan,24.0,NYK,SF,5.0,0.0,8.0,-0.3,0.0,5.4,0.0,0.0,0.0,-0.025,-8.5,-3.0,-11.5,0.0,,,,,,,,
Stanley Umude,26.0,SAS,SG,2.0,0.0,7.0,11.6,0.5,12.0,0.0,0.0,0.0,0.165,-6.7,7.1,0.4,0.0,,,,,,,,
Colby Jones,23.0,DET,SG,1.0,0.0,7.0,12.9,0.333,17.8,0.0,0.0,0.0,0.124,-3.2,5.7,2.4,0.0,,,,,,,,
Noa Essengue,19.0,CHI,PF,2.0,0.0,6.0,-11.9,0.0,20.8,-0.1,0.0,-0.1,-0.417,-20.7,-3.0,-23.7,0.0,CHI,5429520.0,5701200.0,5972760.0,8230464.0,,,11130720.0
Trentyn Flowers,20.0,CHI,SF,2.0,0.0,6.0,16.7,0.667,27.8,0.0,0.0,0.0,0.023,1.7,-2.7,-1.0,0.0,,,,,,,,
Darius Brown II,26.0,CLE,SG,1.0,0.0,3.0,-7.7,0.0,14.0,0.0,0.0,0.0,-0.269,-16.3,-2.4,-18.7,0.0,,,,,,,,
League Average,,,,,,,,0.581,19.9,,,,,,,,,,,,,,,,
