Player,Tm,Age,Pos,G,MP,BPM,VORP,WS,WA,2025-26,expected_salary,surplus_naive,ContractTm,2026-27,2027-28,2028-29,2029-30,2030-31,Guaranteed
James Harden,2TM,36.0,PG,70.0,2438.0,3.9,3.6,7.7,5.549454166666667,39182693.0,30752672.347003825,-8430020.652996175,CLE,42317307.0,,,,,
CJ McCollum,2TM,34.0,PG,76.0,2264.0,-0.3,1.0,3.0,1.2059833333333334,30666666.0,8480295.185239239,-22186370.81476076,ATL,,,,,,30666666.0
Ayo Dosunmu,2TM,26.0,SG,69.0,1881.0,1.0,1.4,4.9,2.4526875,7518518.0,14873123.979218727,7354605.979218727,MIN,,,,,,7518518.0
Nikola VuÄeviÄ,2TM,35.0,C,64.0,1818.0,1.5,1.6,4.4,2.5113125000000003,21481481.0,15173740.274621913,-6307740.725378087,BOS,,,,,,21481481.0
Dennis SchrÃ¶der,2TM,32.0,PG,70.0,1697.0,-2.2,-0.1,1.5,-0.23334583333333336,14104000.0,1099727.134935001,-13004272.865065,CLE,14809200.0,15514400.0,,,,28913200.0
Luke Kennard,2TM,29.0,SG,78.0,1681.0,0.1,0.9,4.5,1.83151875,11000000.0,11687905.242413152,687905.242413152,LAL,,,,,,11000000.0
Bennedict Mathurin,2TM,23.0,SF,54.0,1620.0,-2.5,-0.2,2.1,-0.1260416666666667,9187573.0,1649959.6477650085,-7537613.352234991,LAC,,,,,,9187573.0
Collin Sexton,2TM,27.0,SG,68.0,1614.0,0.6,1.1,3.9,1.8482416666666666,18975000.0,11773656.73506423,-7201343.264935769,CHI,,,,,,18975000.0
Kevin Huerter,2TM,27.0,SF,69.0,1549.0,-0.6,0.6,2.5,0.8590708333333333,17991071.0,6701403.064487729,-11289667.93551227,DET,,,,,,17991071.0
Jock Landale,2TM,30.0,C,68.0,1506.0,-0.1,0.7,3.8,1.4717624999999999,2296274.0,9843153.155024804,7546879.155024804,ATL,,,,,,2296274.0
Keon Ellis,2TM,26.0,SG,72.0,1478.0,-0.5,0.6,2.2,0.7947708333333333,2301587.0,6371686.598911188,4070099.5989111876,CLE,,,,,,2301587.0
Jaren Jackson Jr.,2TM,26.0,C,48.0,1454.0,-0.6,0.5,1.4,0.4697583333333333,35000000.0,4705092.93222074,-30294907.067779258,UTA,49000000.0,50500000.0,52000000.0,53500000.0,,186500000.0
Ivica Zubac,2TM,28.0,C,48.0,1446.0,-0.3,0.6,4.2,1.5186624999999998,18893980.0,10083646.191347351,-8810333.808652649,IND,20342140.0,21790300.0,,,,61026420.0
Khris Middleton,2TM,34.0,SF,63.0,1439.0,-4.4,-0.9,0.3,-1.3871750000000003,33296296.0,-4816858.785943069,-38113154.78594307,DAL,,,,,,33296296.0
Walter Clayton,2TM,22.0,PG,69.0,1410.0,-4.3,-0.8,0.3,-1.3034791666666667,3991320.0,-4387684.690295323,-8379004.690295323,MEM,4190520.0,4390320.0,6752312.0,,,8181840.0
VÃ­t KrejÄÃ­,2TM,25.0,PG,65.0,1392.0,-1.6,0.1,2.9,0.5823999999999999,2349578.0,5282694.988363575,2933116.988363575,POR,2667944.0,3005085.0,,,,
Anfernee Simons,2TM,26.0,SG,55.0,1372.0,-0.1,0.7,2.9,1.174275,27678571.0,8317701.723404253,-19360869.27659575,CHI,,,,,,27678571.0
Jose Alvarado,2TM,27.0,PG,69.0,1370.0,-1.0,0.3,2.2,0.5764583333333334,4500000.0,5252227.409312762,752227.4093127623,NYK,4500000.0,,,,,4500000.0
Darius Garland,2TM,26.0,PG,45.0,1344.0,-0.2,0.6,2.6,1.0162666666666667,39446090.0,7507469.231984242,-31938620.768015757,LAC,42166510.0,44886930.0,,,,126499530.0
Coby White,2TM,25.0,SG,50.0,1249.0,-1.3,0.2,2.0,0.4288895833333333,12888889.0,4495526.838868776,-8393362.161131224,CHO,,,,,,12888889.0
Marvin Bagley III,2TM,26.0,PF,60.0,1201.0,0.8,0.8,3.8,1.7134833333333332,2296274.0,11082645.2051474,8786371.2051474,DAL,,,,,,2296274.0
De'Andre Hunter,2TM,28.0,SF,45.0,1176.0,-3.9,-0.6,1.1,-0.6932833333333334,23303571.0,-1258732.6922206855,-24562303.692220684,SAC,24910714.0,,,,,48214285.0
Jared McCain,2TM,21.0,SG,67.0,1160.0,-2.4,-0.1,1.5,-0.05533333333333338,4221360.0,2012536.657927911,-2208823.342072089,OKC,4422600.0,6784268.0,,,,8643960.0
Taylor Hendricks,2TM,22.0,PF,59.0,1118.0,-2.4,-0.1,1.1,-0.16976666666666662,6127080.0,1425747.32338967,-4701332.67661033,MEM,7805900.0,,,,,13932980.0
John Konchar,2TM,29.0,SG,56.0,1115.0,0.9,0.8,2.4,1.2548229166666667,6165000.0,8730733.984568905,2565733.984568905,UTA,6165000.0,,,,,12330000.0
Ousmane Dieng,2TM,22.0,C,57.0,1099.0,-3.8,-0.5,0.3,-0.8497041666666667,6670882.0,-2060824.827667093,-8731706.827667093,MIL,,,,,,6670882.0
Corey Kispert,2TM,26.0,SF,58.0,1080.0,-1.9,0.0,1.8,0.21525000000000002,13975000.0,3400029.3532713936,-10574970.646728607,ATL,13975000.0,13050000.0,13050000.0,,,41000000.0
Rayan Rupert,2TM,21.0,SG,64.0,1072.0,-5.1,-0.8,0.6,-1.0917666666666668,2353647.0,-3302068.87041393,-5655715.87041393,MEM,,,,,,131970.0
Guerschon Yabusele,2TM,30.0,C,67.0,1007.0,-2.2,-0.1,1.4,0.017945833333333255,5500000.0,2388296.3443000363,-3111703.6556999637,CHI,,,,,,5500000.0
Tyus Jones,3TM,29.0,PG,67.0,979.0,-2.4,-0.1,1.0,-0.14054999999999998,7000000.0,1575564.0585259264,-5424435.941474074,DAL,,,,,,7000000.0
Ochai Agbaji,2TM,25.0,SG,62.0,973.0,-4.0,-0.5,0.9,-0.5964166666666667,6383525.0,-762021.4174848483,-7145546.417484848,BRK,,,,,,6383525.0
Rob Dillingham,2TM,21.0,PG,65.0,970.0,-7.3,-1.3,-1.1,-2.1276875,6576120.0,-8614046.40981941,-15190166.40981941,CHI,6889320.0,8763216.0,,,,13465440.0
Kobe Brown,2TM,26.0,PF,61.0,963.0,-2.7,-0.2,1.3,-0.12085208333333346,2654880.0,1676570.7064661216,-978309.2935338784,IND,4792059.0,,,,,2654880.0
Isaiah Jackson,2TM,24.0,C,55.0,908.0,-1.2,0.2,2.6,0.7290333333333333,7600000.0,6034598.94485461,-1565401.0551453903,LAC,7000000.0,6400000.0,,,,21000000.0
Jaden Hardy,2TM,23.0,SG,57.0,898.0,-4.8,-0.6,-0.2,-1.0748666666666666,6000000.0,-3215409.332805165,-9215409.332805164,WAS,6000000.0,6000000.0,,,,12000000.0
Cam Thomas,2TM,24.0,SG,42.0,881.0,-5.2,-0.7,-0.4,-1.2256416666666667,6837779.0,-3988550.8584241867,-10826329.858424187,MIL,,,,,,844607.0
Gabe Vincent,2TM,29.0,PG,53.0,879.0,-4.3,-0.5,0.6,-0.6753604166666668,11500000.0,-1166827.859621056,-12666827.859621055,ATL,,,,,,11500000.0
Jevon Carter,2TM,30.0,PG,53.0,867.0,-1.1,0.2,0.9,0.18784791666666667,7680524.0,3259517.40823095,-4421006.59176905,ORL,,,,,,871000.0
Kyle Anderson,3TM,32.0,SF,43.0,853.0,0.4,0.5,1.9,0.8639749999999999,9219512.0,6726550.568374691,-2492961.4316253094,MEM,,,,,,9219512.0
Josh Minott,2TM,23.0,PF,49.0,834.0,2.5,1.0,2.4,1.5242708333333332,2378870.0,10112404.509301346,7733534.509301346,BRK,2584539.0,,,,,2378870.0
Jonathan Kuminga,2TM,23.0,PF,36.0,830.0,-2.0,0.0,1.0,0.022083333333333306,23799569.0,2409512.547664312,-21390056.45233569,ATL,24300000.0,,,,,23799569.0
Vince Williams Jr.,2TM,25.0,SG,40.0,820.0,-1.0,0.2,0.1,-0.05375,2301587.0,2020655.6481378053,-280931.3518621947,UTA,,,,,,2301587.0
Buddy Hield,2TM,33.0,SG,51.0,819.0,-1.0,0.2,1.0,0.24643749999999998,9219512.0,3559952.0946425973,-5659559.905357403,ATL,9658536.0,10097560.0,,,,18878048.0
Tyrese Martin,2TM,26.0,SG,46.0,777.0,-3.4,-0.3,0.1,-0.5620041666666666,2191897.0,-585561.5750019127,-2777458.5750019127,BRK,,,,,,2191897.0
Kristaps PorziÅÄ£is,2TM,30.0,C,32.0,769.0,1.9,0.8,2.4,1.3406229166666668,30731707.0,9170697.790890325,-21561009.209109675,GSW,,,,,,30731707.0
Leonard Miller,2TM,22.0,SF,46.0,719.0,-1.3,0.1,1.6,0.3914104166666667,2221677.0,4303341.794295099,2081664.7942950986,CHI,2406205.0,,,,,
Nick Richards,2TM,28.0,C,48.0,701.0,-6.1,-0.7,0.6,-0.8351020833333332,5000000.0,-1985948.5087445294,-6985948.508744529,CHI,,,,,,
Jaden Ivey,2TM,23.0,SG,37.0,670.0,0.0,0.3,1.3,0.5333333333333333,10107163.0,5031091.754911698,-5076071.245088302,CHI,,,,,,10107163.0
Dalen Terry,2TM,23.0,SG,48.0,551.0,-1.7,0.0,0.7,0.0577020833333333,5399118.0,2592157.7787413644,-2806960.2212586356,NOP,,,,,,5399118.0
Trayce Jackson-Davis,2TM,25.0,C,53.0,496.0,-0.4,0.2,1.4,0.4961333333333333,2221677.0,4840338.216506608,2618661.216506608,TOR,2406205.0,,,,,
Amir Coffey,2TM,28.0,SG,46.0,490.0,-3.1,-0.1,0.8,-0.051479166666666666,2296274.0,2032299.9893598903,-263974.01064010966,PHO,,,,,,2296274.0
Jeremy Sochan,2TM,22.0,PF,44.0,469.0,-1.2,0.1,1.2,0.3278083333333333,7874853.0,3977204.094140023,-3897648.905859977,NYK,,,,,,778622.0
AJ Johnson,2TM,21.0,SG,48.0,454.0,-8.9,-0.8,-0.9,-1.3242791666666667,3090480.0,-4494342.58273688,-7584822.58273688,DAL,3237120.0,5493394.0,,,,6327600.0
Tony Bradley,2TM,28.0,C,41.0,450.0,-4.2,-0.3,0.9,-0.154375,3204816.0,1504672.4545353246,-1700143.5454646754,IND,,,,,,3204816.0
Julian Phillips,2TM,22.0,SF,48.0,428.0,-3.6,-0.2,0.5,-0.18889999999999998,2221677.0,1327635.7364322129,-894041.2635677871,MIN,2406205.0,,,,,2221677.0
Trae Young,2TM,27.0,PG,15.0,384.0,2.8,0.5,1.4,0.8349333333333333,46394100.0,6577631.195314265,-39816468.804685734,WAS,48967380.0,,,,,46394100.0
Jeremiah Robinson-Earl,2TM,25.0,PF,22.0,361.0,-5.2,-0.3,0.2,-0.3853083333333333,131970.0,320496.36665855907,188526.36665855907,DAL,,,,,,131970.0
Christian Koloko,3TM,25.0,C,27.0,357.0,-4.7,-0.2,0.3,-0.2812729166666667,263940.0,853967.4378578772,590027.4378578772,MEM,,,,,,263940.0
KJ Simpson,2TM,23.0,PG,20.0,257.0,-5.1,-0.2,-0.1,-0.34575625,,523310.8786780848,,,,,,,,
PJ Hall,2TM,23.0,C,19.0,214.0,-2.3,0.0,0.6,0.10771249999999999,,2848600.357673612,,,,,,,,
RayJ Dennis,3TM,24.0,PG,17.0,206.0,-6.0,-0.2,-0.3,-0.3984166666666667,,253279.67402611976,,,,,,,,
Chris Youngblood,2TM,23.0,SG,34.0,185.0,-2.3,0.0,0.5,0.08688541666666667,,2741803.587767939,,,,,,,,
Xavier Tillman Sr.,2TM,27.0,C,30.0,183.0,-1.8,0.0,0.3,0.03823749999999999,2546675.0,2492347.6135689425,-54327.38643105747,CHO,,,,,,2546675.0
Mason Plumlee,2TM,35.0,C,20.0,172.0,0.5,0.1,0.5,0.216125,3022108.0,3404516.1636505453,382408.1636505453,SAS,,,,,,725834.0
Charles Bassey,4TM,25.0,C,13.0,153.0,1.9,0.2,0.7,0.35450624999999997,263940.0,4114105.2251134347,3850165.2251134347,MEM,,,,,,131970.0
Mac McClung,2TM,27.0,SG,11.0,135.0,-5.1,-0.1,0.0,-0.16242708333333333,164060.0,1463383.116165271,1299323.116165271,IND,,,,,,164060.0
Patrick Baldwin Jr.,3TM,23.0,SF,9.0,102.0,-4.4,-0.1,0.1,-0.08415,263940.0,1864771.0361078386,1600831.0361078386,LAC,,,,,,131970.0
Keshon Gilbert,2TM,22.0,SG,4.0,74.0,-4.6,0.0,0.0,-0.06382499999999999,73153.0,1968993.2314864267,1895840.2314864267,WAS,,,,,,73153.0
Dalano Banton,2TM,26.0,PG,6.0,62.0,-4.0,0.0,-0.1,-0.07983333333333334,263940.0,1886905.9673116552,1622965.9673116552,BOS,,,,,,131970.0
Riley Minix,2TM,25.0,SF,9.0,58.0,1.8,0.1,0.2,0.11957500000000003,,2909428.686956687,,,,,,,,
Mo Bamba,2TM,27.0,C,4.0,44.0,-8.0,-0.1,0.1,-0.066,458711.0,1957840.3028296772,1499129.3028296772,UTA,,,,,,263940.0
Isaac Jones,2TM,25.0,PF,7.0,36.0,-8.1,-0.1,0.0,-0.08800833333333331,1955377.0,1844986.3389121494,-110390.66108785057,DET,,,,,,1955377.0
Amen Thompson,HOU,23.0,PG,79.0,2953.0,2.6,3.4,10.3,6.006254166666667,9690600.0,33095043.754085697,23404443.754085697,HOU,12258609.0,,,,,21949209.0
Kevin Durant,HOU,37.0,SF,78.0,2840.0,4.5,4.7,10.7,7.529583333333332,54708609.0,40906345.60078852,-13802263.399211481,HOU,43902439.0,46097561.0,,,,98611048.0
Desmond Bane,ORL,27.0,SG,82.0,2756.0,1.4,2.3,7.4,3.9567833333333327,36725670.0,22585801.46063505,-14139868.539364949,ORL,39446090.0,42166510.0,44886930.0,,,163225200.0
Toumani Camara,POR,25.0,PF,82.0,2731.0,-1.0,0.7,4.8,1.3212708333333334,2221677.0,9071464.50133808,6849787.50133808,POR,18080358.0,19526786.0,20973214.0,22419642.0,,83221677.0
Jabari Smith Jr.,HOU,22.0,PF,77.0,2705.0,-0.7,0.9,6.6,2.14496875,12350392.0,13295208.914807662,944816.9148076624,HOU,23643411.0,21751940.0,23643411.0,25534883.0,27426355.0,134350392.0
Mikal Bridges,NYK,29.0,SF,82.0,2692.0,2.7,3.2,8.0,5.096158333333333,24900000.0,28428269.547202274,3528269.547202274,NYK,33482145.0,36160714.0,38839285.0,41517856.0,,133382144.0
Scottie Barnes,TOR,24.0,PF,80.0,2681.0,4.2,4.2,7.8,6.1112875,38661750.0,33633631.925693616,-5028118.074306384,TOR,41754690.0,44847630.0,47940570.0,51033510.0,,224238150.0
Tyrese Maxey,PHI,25.0,PG,70.0,2661.0,5.4,4.9,8.7,7.227595833333333,37958760.0,39357819.1443609,1399059.1443609,PHI,40770520.0,43582280.0,46394040.0,,,168705600.0
Jamal Murray,DEN,28.0,PG,75.0,2652.0,4.1,4.1,9.5,6.572058333333334,46394100.0,35996364.905591354,-10397735.094408646,DEN,50105628.0,53817156.0,57528684.0,,,207845568.0
Derrick White,BOS,31.0,SG,77.0,2625.0,3.2,3.5,7.0,5.075,28100000.0,28319774.199081637,219774.19908163697,BOS,30348000.0,32596000.0,34844000.0,,,91044000.0
VJ Edgecombe,PHI,20.0,SG,75.0,2623.0,-0.5,1.0,4.4,1.55409375,11108880.0,10265329.963057443,-843550.0369425565,PHI,11663880.0,12219720.0,15445727.0,,,22772760.0
Julius Randle,MIN,31.0,PF,79.0,2610.0,1.5,2.3,7.4,3.9673958333333332,30864198.0,22640220.060805053,-8223977.9391949475,MIN,33333334.0,35802468.0,,,,64197532.0
Brandon Ingram,TOR,28.0,SF,77.0,2604.0,0.5,1.7,4.6,2.344125,38095238.0,14316439.005748224,-23778798.994251776,TOR,40000000.0,41904762.0,,,,78095238.0
Nickeil Alexander-Walker,ATL,27.0,SG,78.0,2603.0,1.2,2.1,6.3,3.3856750000000004,15161800.0,19657281.691926252,4495481.691926252,ATL,14403710.0,15161800.0,15919890.0,,,44727310.0
Jalen Brunson,NYK,29.0,PG,74.0,2590.0,3.1,3.3,8.8,5.538770833333333,34944001.0,30697890.52885075,-4246110.471149251,NYK,37739521.0,40535041.0,43330561.0,,,113218563.0
Payton Pritchard,BOS,28.0,PG,79.0,2556.0,2.3,2.8,8.5,4.868941666666667,7232143.0,27263151.72055505,20031008.72055505,BOS,7767857.0,8303571.0,,,,23303571.0
Kon Knueppel,CHO,20.0,SF,81.0,2551.0,2.8,3.1,8.0,5.039275,10015680.0,28136584.141029973,18120904.141029973,CHO,10516560.0,11017560.0,13937214.0,,,20532240.0
Jalen Johnson,ATL,24.0,SF,72.0,2532.0,4.2,4.0,7.5,5.827283333333334,30000000.0,32177320.10543943,2177320.1054394282,ATL,30000000.0,30000000.0,30000000.0,30000000.0,,150000000.0
Dyson Daniels,ATL,22.0,SG,76.0,2520.0,1.3,2.1,6.6,3.51425,7707709.0,20316586.428497072,12608877.428497072,ATL,25000000.0,25000000.0,25000000.0,25000000.0,,107707709.0
Paolo Banchero,ORL,23.0,PF,72.0,2502.0,1.4,2.1,5.0,3.023441666666667,15334769.0,17799827.65801216,2465058.658012159,ORL,41500000.0,44820000.0,48140000.0,51460000.0,54780000.0,201254769.0
Donte DiVincenzo,MIN,29.0,SG,82.0,2494.0,0.8,1.7,5.2,2.6741000000000006,11990000.0,16008479.29701758,4018479.29701758,MIN,12535000.0,,,,,24525000.0
Jaylen Brown,BOS,29.0,SF,71.0,2443.0,3.3,3.3,6.9,4.911606249999999,53142264.0,27481926.458066124,-25660337.541933876,BOS,57078728.0,61015192.0,64951656.0,,,236187840.0
DeMar DeRozan,SAC,36.0,PF,77.0,2406.0,-0.1,1.1,5.6,2.188220833333333,24570000.0,13516996.225001885,-11053003.774998115,SAC,25740000.0,,,,,24570000.0
Alperen ÅengÃ¼n,HOU,23.0,C,72.0,2398.0,4.2,3.7,8.0,5.788425,33944954.0,31978062.993077658,-1966891.0069223419,HOU,35642202.0,37339450.0,39036697.0,39036697.0,,145963303.0
Miles Bridges,CHO,27.0,PF,77.0,2387.0,1.1,1.9,6.5,3.29231875,25000000.0,19178571.073116295,-5821428.926883705,CHO,22826087.0,,,,,47826087.0
Rudy Gobert,MIN,33.0,C,76.0,2380.0,1.0,1.8,8.7,3.9462500000000005,35000000.0,22531788.80997555,-12468211.19002445,MIN,36500000.0,38000000.0,,,,71500000.0
Ryan Rollins,MIL,23.0,PG,74.0,2376.0,0.2,1.3,3.4,1.6557666666666666,4000000.0,10786686.64623305,6786686.64623305,MIL,4000000.0,4000000.0,,,,8000000.0
Bam Adebayo,MIA,28.0,C,73.0,2365.0,2.0,2.4,6.4,3.8202083333333334,37096620.0,21885474.457740556,-15211145.542259444,MIA,49800000.0,53784000.0,57768000.0,,,140680620.0
Cooper Flagg,DAL,19.0,SF,70.0,2344.0,1.4,2.0,3.8,2.5486333333333335,13825920.0,15365113.4201746,1539193.4201746006,DAL,14517480.0,15208680.0,19178146.0,,,28343400.0
Donovan Mitchell,CLE,29.0,SG,70.0,2342.0,5.1,4.2,8.2,6.372870833333333,46394100.0,34974974.571422964,-11419125.428577036,CLE,50105628.0,53817156.0,,,,96499728.0
Trey Murphy III,NOP,25.0,SF,66.0,2341.0,2.4,2.6,6.0,3.9201166666666665,25000000.0,22397782.739984874,-2602217.2600151263,NOP,27000000.0,29000000.0,31000000.0,,,112000000.0
Brandin Podziemski,GSW,22.0,SG,82.0,2333.0,0.2,1.3,5.1,2.2208208333333332,3687960.0,13684161.960270865,9996201.960270865,GSW,5679459.0,,,,,9367419.0
Karl-Anthony Towns,NYK,30.0,C,75.0,2322.0,3.3,3.1,9.5,5.6367375,53142264.0,31200242.36520609,-21942021.63479391,NYK,57078728.0,61015192.0,,,,110220992.0
Jaden McDaniels,MIN,25.0,PF,73.0,2316.0,-0.3,1.0,5.2,1.9363916666666665,24393104.0,12225670.83211823,-12167433.16788177,MIN,26200001.0,28006898.0,29813790.0,,,108413793.0
Onyeka Okongwu,ATL,25.0,C,74.0,2297.0,0.7,1.6,6.0,2.8348145833333334,15000000.0,16832588.851967394,1832588.8519673944,ATL,16120000.0,16880000.0,,,,48000000.0
Luka DonÄiÄ,LAL,26.0,PG,64.0,2289.0,9.3,6.6,9.5,9.358110416666667,45999660.0,50282636.224857725,4282976.224857725,LAL,49800000.0,53784000.0,57768000.0,,,149583660.0
Wendell Carter Jr.,ORL,26.0,C,78.0,2288.0,-0.6,0.8,6.2,2.0759333333333334,10850000.0,12941210.258774424,2091210.258774424,ORL,18102000.0,19550160.0,20998320.0,,,48502160.0
Collin Gillespie,PHO,26.0,PG,80.0,2282.0,2.5,2.6,6.2,4.003020833333333,2296274.0,22822897.340527672,20526623.340527672,PHO,,,,,,2296274.0
Bub Carrington,WAS,20.0,PG,82.0,2271.0,-4.7,-1.6,-0.4,-2.667985416666667,4677600.0,-11384577.038772792,-16062177.038772792,WAS,4900560.0,7257730.0,,,,9578160.0
A.J. Green,MIL,26.0,SG,78.0,2270.0,-3.3,-0.8,2.4,-0.8712291666666667,2301587.0,-2171200.362994232,-4472787.362994232,MIL,10044644.0,10848215.0,11651786.0,12455355.0,,47301587.0
Julian Champagnie,SAS,24.0,SF,82.0,2266.0,1.4,1.9,6.2,3.294825,3000000.0,19191422.57998801,16191422.57998801,SAS,3000000.0,,,,,
Nikola JokiÄ,DEN,30.0,C,65.0,2265.0,14.2,9.2,14.9,14.063895833333333,55224526.0,74412884.05292875,19188358.052928746,DEN,59033114.0,62841702.0,,,,114257640.0
Shai Gilgeous-Alexander,OKC,27.0,PG,68.0,2259.0,11.7,7.8,15.2,12.622347916666667,38333050.0,67020938.7334488,28687888.733448803,OKC,40806150.0,61005000.0,65885400.0,70765800.0,75646200.0,276795400.0
Matas Buzelis,CHI,21.0,PF,77.0,2248.0,-1.0,0.5,2.6,0.6118333333333333,5455560.0,5433622.743212765,-21937.256787234917,CHI,5715360.0,7584283.0,,,,11170920.0
Saddiq Bey,NOP,26.0,SF,72.0,2246.0,0.5,1.4,5.4,2.477229166666667,6118644.0,14998968.327472087,8880324.327472087,NOP,6440678.0,,,,,12559322.0
Max Christie,DAL,22.0,SG,77.0,2244.0,-1.5,0.3,2.7,0.3688749999999999,7714286.0,4187785.0612682234,-3526500.9387317766,DAL,8285714.0,8857143.0,,,,16000000.0
De'Aaron Fox,SAS,28.0,PG,72.0,2231.0,2.2,2.4,6.4,3.853620833333334,37096620.0,22056806.516933035,-15039813.483066965,SAS,49800000.0,53784000.0,57768000.0,61752000.0,,260200620.0
Immanuel Quickley,TOR,26.0,PG,70.0,2231.0,2.4,2.5,6.5,4.00395,32500000.0,22827661.905835055,-9672338.094164945,TOR,32500000.0,32500000.0,32500000.0,,,130000000.0
Kris Dunn,LAC,31.0,PG,82.0,2230.0,-0.8,0.6,4.0,1.1988333333333332,5426400.0,8443631.534712452,3017231.5347124524,LAC,5684800.0,,,,,5426400.0
OG Anunoby,NYK,28.0,PF,67.0,2224.0,2.0,2.3,6.3,3.7006666666666668,39568966.0,21272490.69689355,-18296475.30310645,NYK,42500000.0,45431034.0,48362068.0,,,127500000.0
Royce O'Neale,PHO,32.0,SF,78.0,2213.0,0.7,1.5,4.6,2.3237895833333333,10125000.0,14212163.39596036,4087163.3959603608,PHO,10875000.0,11625000.0,,,,32625000.0
Quentin Grimes,PHI,25.0,SG,75.0,2206.0,-1.6,0.2,3.6,0.6048666666666667,8741209.0,5397899.18628923,-3343309.8137107696,PHI,,,,,,8741209.0
Deni Avdija,POR,25.0,SF,66.0,2199.0,4.3,3.5,7.0,5.27294375,14375000.0,29334786.852782514,14959786.852782514,POR,13125000.0,11875000.0,,,,39375000.0
Naji Marshall,DAL,28.0,SF,74.0,2184.0,-0.6,0.8,4.3,1.4543,9000000.0,9753609.239315156,753609.2393151559,DAL,9428571.0,,,,,18428571.0
Cade Cunningham,DET,24.0,PG,64.0,2172.0,6.3,4.6,7.9,6.732341666666667,46394100.0,36818263.103997156,-9575836.896002844,DET,50105628.0,53817156.0,57528684.0,61240212.0,,269085780.0
Reed Sheppard,HOU,21.0,SG,82.0,2147.0,2.7,2.5,5.9,3.88691875,10603560.0,22227551.017623477,11623991.017623477,HOU,11108880.0,14041625.0,,,,21712440.0
Devin Booker,PHO,29.0,SG,64.0,2146.0,2.2,2.3,6.5,3.8185583333333337,53142264.0,21877013.6153113,-31265250.3846887,PHO,57078728.0,61015192.0,64065952.0,69191228.0,,235302136.0
Anthony Edwards,MIN,24.0,SG,61.0,2137.0,4.5,3.5,6.5,5.136427083333333,45550512.0,28634758.97057996,-16915753.02942004,MIN,48924624.0,52298736.0,55672848.0,,,202446720.0
Tim Hardaway Jr.,DEN,33.0,SG,80.0,2127.0,-0.7,0.7,4.4,1.4208312500000002,2296274.0,9581988.742312593,7285714.742312593,DEN,,,,,,2296274.0
Jaime Jaquez Jr.,MIA,24.0,SF,75.0,2121.0,0.1,1.1,4.2,1.806435416666667,3861600.0,11559283.344877463,7697683.344877463,MIA,5939141.0,,,,,9800741.0
Duncan Robinson,DET,31.0,SG,77.0,2113.0,0.8,1.5,6.1,2.8502833333333335,16834692.0,16911909.24974169,77217.24974168837,DET,15992957.0,15151222.0,,,,16834692.0
Jeremiah Fears,NOP,19.0,PG,82.0,2112.0,-2.7,-0.4,0.6,-1.0025333333333337,7520040.0,-2844499.674795268,-10364539.674795268,NOP,7896240.0,8271960.0,10505389.0,,,15416280.0
Donovan Clingan,POR,21.0,C,77.0,2094.0,3.0,2.6,8.6,4.911208333333334,7178400.0,27479886.0276318,20301486.0276318,POR,7519920.0,9550298.0,,,,14698320.0
Kawhi Leonard,LAC,34.0,SF,65.0,2085.0,8.0,5.3,9.2,7.960833333333333,50000000.0,43117702.14479916,-6882297.855200842,LAC,50300000.0,,,,,100300000.0
Evan Mobley,CLE,24.0,PF,65.0,2074.0,3.0,2.6,6.5,4.199958333333333,46394100.0,23832750.162292525,-22561349.837707475,CLE,50105628.0,53817156.0,57528684.0,61240212.0,,269085780.0
Andrew Wiggins,MIA,30.0,SF,68.0,2063.0,1.2,1.7,4.6,2.564175,28223215.0,15444807.718813824,-12778407.281186176,MIA,30169644.0,,,,,28223215.0
Jake LaRavia,LAL,24.0,PF,82.0,2061.0,-1.2,0.4,3.8,0.9362750000000001,6000000.0,7097289.300274909,1097289.3002749085,LAL,6000000.0,,,,,12000000.0
Pascal Siakam,IND,31.0,PF,62.0,2057.0,0.7,1.4,2.6,1.6033145833333335,45550512.0,10517723.7297666,-35032788.2702334,IND,48924624.0,52298736.0,,,,146773872.0
Cason Wallace,OKC,22.0,SG,77.0,2046.0,1.2,1.7,5.2,2.7603500000000003,5820240.0,16450750.605819704,10630510.605819704,OKC,7420806.0,,,,,13241046.0
Devin Vassell,SAS,25.0,SG,67.0,2044.0,0.5,1.3,4.9,2.2582916666666666,27000000.0,13876304.273317123,-13123695.726682877,SAS,27000000.0,24652174.0,27000000.0,,,105652174.0
Stephon Castle,SAS,21.0,PG,68.0,2038.0,1.9,2.0,5.8,3.3260375,9560520.0,19351473.515941475,9790953.515941475,SAS,10015920.0,12670139.0,,,,19576440.0
Derik Queen,NOP,21.0,C,81.0,2023.0,-0.8,0.6,2.7,0.79655,5157960.0,6380809.780015463,1222849.780015463,NOP,5416080.0,5673840.0,8107918.0,,,10574040.0
LaMelo Ball,CHO,24.0,PG,72.0,2017.0,4.7,3.4,6.2,4.977481249999999,37958760.0,27819719.18232514,-10139040.81767486,CHO,40770520.0,43582280.0,46394040.0,,,168705600.0
Naz Reid,MIN,26.0,C,77.0,2007.0,0.9,1.5,4.0,2.172014583333333,21551724.0,13433894.087050878,-8117829.9129491225,MIN,23275862.0,25000000.0,26724138.0,28448276.0,,96551724.0
Davion Mitchell,MIA,27.0,PG,70.0,2000.0,-0.9,0.6,4.3,1.2958333333333332,11600000.0,8941026.513887018,-2658973.486112982,MIA,12400000.0,,,,,24000000.0
Bruce Brown,DEN,29.0,SG,82.0,1998.0,-2.4,-0.2,2.9,0.0008999999999998268,2296274.0,2300889.0049614124,4615.0049614124,DEN,,,,,,2296274.0
Chet Holmgren,OKC,23.0,PF,69.0,1997.0,4.2,3.1,9.1,5.639304166666666,13731368.0,31213403.675651602,17482035.675651602,OKC,41500000.0,44820000.0,48140000.0,51460000.0,54780000.0,254431368.0
Josh Hart,NYK,30.0,SF,66.0,1994.0,3.0,2.5,6.1,3.9882916666666666,19472240.0,22747369.365811944,3275129.365811944,NYK,20923760.0,22375280.0,,,,40396000.0
LeBron James,LAL,41.0,SF,60.0,1989.0,3.5,2.8,5.4,4.038614583333334,52627153.0,23005414.377022464,-29621738.622977536,LAL,,,,,,52627153.0
Ace Bailey,UTA,19.0,SF,72.0,1988.0,-4.4,-1.2,-0.1,-2.0734333333333335,9069840.0,-8335842.800548276,-17405682.800548278,UTA,9523080.0,9976560.0,12640302.0,,,18592920.0
Harrison Barnes,SAS,33.0,PF,77.0,1986.0,-0.1,1.0,4.8,1.896095833333333,19000000.0,12019042.531276423,-6980957.4687235765,SAS,,,,,,19000000.0
Jalen Duren,DET,22.0,C,70.0,1976.0,5.0,3.5,11.0,6.685833333333334,6483144.0,36579778.449463375,30096634.449463375,DET,,,,,,6483144.0
Brandon Miller,CHO,23.0,SF,65.0,1968.0,1.6,1.8,4.5,2.6904,11968800.0,16092062.164652064,4123262.1646520644,CHO,15104626.0,,,,,27073426.0
Maxime Raynaud,SAC,22.0,C,74.0,1964.0,-2.4,-0.2,3.6,0.24953333333333338,1272870.0,3575826.8570793113,2302956.8570793113,SAC,2150917.0,2525901.0,,,,3423787.0
Deandre Ayton,LAL,27.0,C,72.0,1958.0,-0.9,0.6,6.2,1.9362541666666664,33654814.0,12224965.76191579,-21429848.238084212,LAL,8104000.0,,,,,8104000.0
Jarace Walker,IND,22.0,PF,76.0,1953.0,-2.4,-0.2,0.5,-0.7788500000000002,6665520.0,-1697500.015774332,-8363020.015774332,IND,8478542.0,,,,,15144062.0
Sam Hauser,BOS,28.0,PF,78.0,1934.0,0.6,1.3,5.0,2.317575,10044644.0,14180296.359386526,4135652.359386526,BOS,10848215.0,11651785.0,12455356.0,,,45000000.0
Rui Hachimura,LAL,27.0,PF,68.0,1927.0,-2.2,-0.1,3.2,0.23844583333333316,18259259.0,3518972.559846341,-14740286.440153658,LAL,,,,,,18259259.0
Neemias Queta,BOS,26.0,C,76.0,1926.0,2.8,2.4,9.0,4.8111500000000005,2349578.0,26966808.577893917,24617230.577893917,BOS,2667944.0,,,,,
Nic Claxton,BRK,26.0,C,69.0,1920.0,0.9,1.4,4.8,2.3906666666666663,25352272.0,14555094.586391687,-10797177.413608313,BRK,23147727.0,20943184.0,,,,69443183.0
Myles Turner,MIL,29.0,C,71.0,1912.0,-0.9,0.5,3.0,0.8440166666666666,25318251.0,6624208.560202604,-18694042.439797394,MIL,26584164.0,27850077.0,29115990.0,,,79752492.0
Keldon Johnson,SAS,26.0,SF,82.0,1911.0,0.9,1.4,6.4,2.9224812500000006,17500000.0,17282124.520431004,-217875.47956899554,SAS,17500000.0,,,,,35000000.0
Anthony Black,ORL,22.0,PG,64.0,1910.0,-0.6,0.7,2.6,0.8851249999999999,7970280.0,6835003.184967907,-1135276.8150320929,ORL,10106316.0,,,,,18076596.0
Tristan Da Silva,ORL,24.0,SF,77.0,1899.0,-0.6,0.7,3.3,1.1196958333333333,3809520.0,8037831.58456372,4228311.58456372,ORL,3991200.0,6138466.0,,,,7800720.0
Moussa DiabatÃ©,CHO,24.0,C,73.0,1899.0,1.7,1.8,7.4,3.671972916666667,2270735.0,21125355.36510293,18854620.36510293,CHO,2461462.0,,,,,
Ausar Thompson,DET,23.0,SF,73.0,1896.0,3.1,2.4,5.7,3.80205,8775000.0,21792362.459491298,13017362.459491298,DET,11117925.0,,,,,19892925.0
Nique Clifford,SAC,23.0,SG,75.0,1882.0,-4.9,-1.4,-0.6,-2.395754166666667,3108120.0,-9988634.183881903,-13096754.183881903,SAC,3263400.0,3418800.0,5979481.0,,,6371520.0
John Collins,LAC,28.0,PF,69.0,1872.0,-0.5,0.7,4.6,1.5911666666666664,26580000.0,10455431.84566937,-16124568.15433063,LAC,,,,,,26580000.0
Draymond Green,GSW,35.0,PF,68.0,1869.0,-1.4,0.3,1.7,0.1760541666666667,25892857.0,3199041.614049094,-22693815.385950908,GSW,27678571.0,,,,,53571428.0
Victor Wembanyama,SAS,22.0,C,64.0,1866.0,10.7,6.0,10.0,9.076995833333333,13376880.0,48841141.56173658,35464261.56173658,SAS,16868246.0,,,,,30245126.0
Russell Westbrook,SAC,37.0,SF,64.0,1853.0,-0.4,0.7,0.4,0.2276916666666667,2296274.0,3463827.523710193,1167553.523710193,SAC,,,,,,2296274.0
Jamal Shead,TOR,23.0,PG,82.0,1852.0,-2.3,-0.1,2.7,0.06799166666666674,1955377.0,2644920.5322238216,689543.5322238216,TOR,2296271.0,,,,,1955377.0
Pelle Larsson,MIA,24.0,SG,70.0,1849.0,-1.2,0.4,4.1,1.083975,1955377.0,7854662.8922757665,5899285.8922757665,MIA,2296271.0,,,,,
Luguentz Dort,OKC,26.0,SF,69.0,1849.0,-2.0,0.0,3.0,0.3066249999999999,18222222.0,3868580.5514371237,-14353641.448562875,OKC,18222222.0,,,,,18222222.0
Sion James,CHO,23.0,SG,82.0,1843.0,-2.0,0.0,3.1,0.3422083333333332,2296274.0,4051044.173522639,1754770.173522639,CHO,2411090.0,2525901.0,2735698.0,,,4707364.0
Zion Williamson,NOP,25.0,PF,62.0,1841.0,2.9,2.3,6.1,3.8010437499999994,39446090.0,21787202.62755527,-17658887.37244473,NOP,42166510.0,44886930.0,,,,126499530.0
Jaylen Wells,MEM,22.0,SG,69.0,1821.0,-3.1,-0.5,1.6,-0.6917895833333333,1955377.0,-1251073.0659305616,-3206450.0659305616,MEM,2296271.0,2486995.0,,,,1955377.0
Oso Ighodaro,PHO,23.0,PF,82.0,1808.0,0.1,0.9,4.7,1.900566666666667,1955377.0,12041967.995737523,10086590.995737523,PHO,2296271.0,2486995.0,,,,1955377.0
Kyle Kuzma,MIL,30.0,PF,69.0,1806.0,-2.3,-0.1,1.9,-0.17883750000000007,22410605.0,1379234.0557924602,-21031370.94420754,MIL,20345152.0,,,,,42755757.0
Kyle Filipowski,UTA,22.0,C,77.0,1801.0,-1.1,0.4,3.1,0.7952104166666666,3000000.0,6373940.686982619,3373940.6869826186,UTA,3000000.0,3000000.0,,,,3000000.0
Andrew Nembhard,IND,26.0,PG,57.0,1786.0,-0.8,0.6,2.8,0.8654333333333333,18102000.0,6734028.585673277,-11367971.414326724,IND,19550160.0,20998320.0,,,,58650480.0
Keyonte George,UTA,22.0,PG,54.0,1786.0,0.9,1.3,3.3,1.8347208333333331,4278960.0,11704324.831824476,7425364.831824476,UTA,6563925.0,,,,,10842885.0
Noah Clowney,BRK,21.0,PF,66.0,1780.0,-3.4,-0.6,1.1,-0.9680833333333334,3398640.0,-2667847.540438939,-6066487.540438939,BRK,5414034.0,,,,,8812674.0
Jaylon Tyson,CLE,23.0,SG,66.0,1777.0,0.1,0.9,4.0,1.6666520833333334,3492480.0,10842504.703926073,7350024.703926073,CLE,3658560.0,5641500.0,,,,7151040.0
Marcus Smart,LAL,31.0,SG,62.0,1769.0,-2.2,-0.1,2.0,-0.09637916666666675,19920855.0,1802062.5196182611,-18118792.48038174,LAL,5390700.0,,,,,5134000.0
Brice Sensabaugh,UTA,22.0,SF,75.0,1762.0,-2.6,-0.3,1.1,-0.5923083333333333,2693760.0,-740954.7744665439,-3434714.774466544,UTA,4862237.0,,,,,7555997.0
Austin Reaves,LAL,27.0,SG,51.0,1762.0,2.8,2.1,5.6,3.4917166666666666,13937574.0,20201040.37835205,6263466.37835205,LAL,14898786.0,,,,,13937574.0
Tre Jones,CHI,26.0,PG,65.0,1752.0,1.3,1.5,5.7,2.82705,8000000.0,16792773.751293346,8792773.751293346,CHI,8000000.0,8000000.0,,,,16000000.0
Sandro Mamukelashvili,TOR,26.0,C,80.0,1751.0,2.8,2.1,6.2,3.685941666666667,2461463.0,21196984.08794154,18735521.08794154,TOR,2801346.0,,,,,2461463.0
Tobias Harris,DET,33.0,PF,63.0,1746.0,1.4,1.5,5.3,2.7249916666666665,26634146.0,16269440.73497454,-10364705.26502546,DET,,,,,,26634146.0
Precious Achiuwa,SAC,26.0,C,73.0,1745.0,-1.6,0.2,2.9,0.5098333333333334,2111516.0,4910588.847585902,2799072.8475859016,SAC,,,,,,2111516.0
P.J. Washington,DAL,27.0,PF,56.0,1736.0,-1.6,0.2,1.7,0.11253333333333315,14152174.0,2873320.546286368,-11278853.453713633,DAL,19813044.0,21398088.0,22983132.0,24568176.0,,102914614.0
Josh Giddey,CHI,23.0,PG,54.0,1731.0,2.7,2.0,3.2,2.6096520833333336,25000000.0,15678004.346829323,-9321995.653170677,CHI,25000000.0,25000000.0,25000000.0,,,100000000.0
RJ Barrett,TOR,25.0,SF,57.0,1726.0,0.2,1.0,4.0,1.7313916666666669,27705357.0,11174475.257574048,-16530881.742425952,TOR,29616071.0,,,,,57321428.0
Jay Huff,IND,27.0,C,82.0,1719.0,0.4,1.1,3.2,1.5622583333333335,2349578.0,10307196.177047674,7957618.177047674,IND,2667944.0,3005085.0,,,,2349578.0
Norman Powell,MIA,32.0,SG,58.0,1717.0,1.6,1.5,4.0,2.3484333333333334,20482758.0,14338531.20542462,-6144226.79457538,MIA,,,,,,20482758.0
Cam Spencer,MEM,25.0,SG,72.0,1714.0,2.2,1.8,5.3,3.0736916666666665,2537989.0,18057498.768357746,15519509.768357746,MEM,2411090.0,2616754.0,2830685.0,,,7565833.0
Kel'el Ware,MIA,21.0,C,77.0,1704.0,2.1,1.8,6.2,3.337616666666667,4443360.0,19410848.973292254,14967488.973292254,MIA,4654920.0,7135992.0,,,,9098280.0
Dillon Brooks,PHO,30.0,SF,56.0,1702.0,-2.3,-0.1,2.1,-0.06732083333333334,21124110.0,1951067.3557335287,-19173042.64426647,PHO,19992727.0,,,,,41116837.0
Isaac Okoro,CHI,25.0,SG,63.0,1695.0,-3.8,-0.8,2.2,-0.7410208333333334,11000000.0,-1503520.2470489931,-12503520.247048993,CHI,11814814.0,,,,,22814814.0
Jerami Grant,POR,31.0,PF,57.0,1695.0,0.0,0.9,4.0,1.6333333333333335,32000001.0,10671653.374417078,-21328347.625582922,POR,34206898.0,36413790.0,,,,66206899.0
Dominick Barlow,PHI,22.0,PF,71.0,1689.0,-1.1,0.4,3.9,1.0849770833333332,3415000.0,7859801.358448081,4444801.358448081,PHI,3415000.0,,,,,3415000.0
Michael Porter Jr.,BRK,27.0,SF,52.0,1689.0,3.0,2.1,2.9,2.616729166666667,38333050.0,15714294.096491178,-22618755.90350882,BRK,40806150.0,,,,,50333050.0
Cameron Johnson,DEN,29.0,SF,54.0,1647.0,-0.6,0.6,3.7,1.2480458333333333,21057065.0,8695982.569894187,-12361082.430105813,DEN,23062500.0,,,,,44119565.0
Brook Lopez,LAC,37.0,C,75.0,1635.0,-0.9,0.5,2.3,0.6574270833333332,8750000.0,5667417.612612149,-3082582.3873878513,LAC,9187500.0,,,,,8750000.0
Will Riley,WAS,19.0,SF,74.0,1633.0,-4.5,-1.0,0.4,-1.5778437500000002,3512520.0,-5794566.816205855,-9307086.816205855,WAS,3688320.0,3864000.0,6155352.0,,,7200840.0
Cody Williams,UTA,21.0,SG,67.0,1631.0,-5.5,-1.5,0.1,-2.1486354166666666,5742480.0,-8721462.78687268,-14463942.78687268,UTA,6015600.0,7669890.0,,,,11758080.0
Bobby Portis,MIL,30.0,PF,67.0,1619.0,0.0,0.8,2.8,1.2,13445754.0,8449613.948551323,-4996140.051448677,MIL,14521414.0,15597074.0,,,,27967168.0
Cedric Coward,MEM,22.0,SG,62.0,1598.0,-0.2,0.7,2.5,1.0067416666666666,5715120.0,7458627.096142616,1743507.0961426161,MEM,6001080.0,6286920.0,8342743.0,,,11716200.0
Peyton Watson,DEN,23.0,SF,54.0,1598.0,-1.2,0.3,2.6,0.6071166666666666,4356476.0,5409436.698692764,1052960.6986927642,DEN,,,,,,4356476.0
Herbert Jones,NOP,27.0,SF,56.0,1588.0,-3.1,-0.5,0.7,-0.8563583333333332,13937574.0,-2094945.9523123577,-16032519.952312358,NOP,14898786.0,20858300.0,22526964.0,24195628.0,,72221624.0
Jalen Suggs,ORL,24.0,PG,57.0,1574.0,2.5,1.8,2.7,2.2378125,35000000.0,13771291.544681255,-21228708.455318745,ORL,32400000.0,29600000.0,26800000.0,26700000.0,,123800000.0
Kelly Oubre Jr.,PHI,30.0,SF,50.0,1574.0,-1.4,0.2,2.7,0.5534916666666668,8382150.0,5134459.319741878,-3247690.6802581223,PHI,,,,,,8382150.0
Jordan Goodwin,PHO,27.0,PG,70.0,1572.0,1.8,1.5,3.9,2.33055,2349578.0,14246829.347580237,11897251.347580237,PHO,,,,,,2349578.0
Jrue Holiday,POR,35.0,PG,53.0,1560.0,1.9,1.6,3.6,2.2890833333333336,32400000.0,14034197.267135855,-18365802.732864145,POR,34800000.0,37200000.0,,,,67200000.0
Dylan Harper,SAS,19.0,SG,69.0,1558.0,1.4,1.3,4.2,2.2423083333333333,12370320.0,13794345.203724613,1424025.2037246134,SAS,12989040.0,13607760.0,17172994.0,,,25359360.0
Ron Holland,DET,20.0,SF,78.0,1551.0,-2.0,0.0,2.8,0.35170833333333323,8657280.0,4099758.1147820037,-4557521.885217996,DET,9069600.0,11491183.0,,,,17726880.0
Tari Eason,HOU,24.0,PF,60.0,1549.0,-1.6,0.2,2.9,0.5686333333333333,5675766.0,5212102.505064917,-463663.4949350832,HOU,,,,,,5675766.0
Moses Moody,GSW,23.0,SG,60.0,1540.0,-0.1,0.7,3.1,1.2377916666666666,11574075.0,8643401.425403267,-2930673.574596733,GSW,12500000.0,13425925.0,,,,37500000.0
Terance Mann,BRK,29.0,SG,63.0,1529.0,-3.4,-0.6,1.8,-0.5747374999999998,15500000.0,-650855.3489004285,-16150855.348900428,BRK,15500000.0,16000000.0,,,,47000000.0
Jarrett Allen,CLE,27.0,C,56.0,1519.0,2.6,1.8,6.4,3.4738458333333337,20000000.0,20109402.6177988,109402.61779880151,CLE,28000000.0,30240000.0,32480000.0,,,110720000.0
Isaiah Collier,UTA,21.0,PG,59.0,1517.0,-2.4,-0.2,1.7,-0.18265000000000006,2638200.0,1359684.381997584,-1278515.618002416,UTA,2763960.0,4988948.0,,,,5402160.0
Isaiah Joe,OKC,26.0,SG,71.0,1507.0,2.5,1.7,5.5,3.1064062500000005,12362338.0,18225252.06212876,5862914.06212876,OKC,11323006.0,11323006.0,,,,23685344.0
Zaccharie Risacher,ATL,20.0,SF,67.0,1503.0,-2.5,-0.2,2.3,-0.004531250000000171,13197720.0,2273038.7319651046,-10924681.268034896,ATL,13826040.0,17434637.0,,,,27023760.0
Klay Thompson,DAL,35.0,SF,69.0,1497.0,-1.4,0.2,0.5,-0.15962916666666663,16666667.0,1477730.2264967025,-15188936.773503298,DAL,17460317.0,,,,,34126984.0
Ryan Kalkbrenner,CHO,24.0,C,69.0,1479.0,1.8,1.4,5.7,2.8658291666666664,2296274.0,16991624.91414462,14695350.91414462,CHO,2411090.0,2525901.0,2735698.0,,,4707364.0
Ja'Kobe Walter,TOR,21.0,SG,72.0,1474.0,-0.3,0.6,3.7,1.3504208333333334,3638160.0,9220939.384254973,5582779.384254973,TOR,3811800.0,5870172.0,,,,7449960.0
Patrick Williams,CHI,24.0,PF,72.0,1474.0,-4.5,-0.9,-0.1,-1.5770208333333333,18000000.0,-5790347.077873081,-23790347.07787308,CHI,18000000.0,18000000.0,18000000.0,,,54000000.0
Ajay Mitchell,OKC,23.0,SG,57.0,1473.0,1.9,1.4,4.8,2.5914229166666662,3000000.0,15584529.130596986,12584529.130596986,OKC,2850000.0,2850000.0,,,,3000000.0
Shaedon Sharpe,POR,22.0,SG,50.0,1471.0,-1.4,0.2,1.3,0.11386249999999991,8399983.0,2880136.224909937,-5519846.775090063,POR,20089287.0,21696429.0,23303571.0,24910713.0,,98399983.0
Bilal Coulibaly,WAS,21.0,SG,56.0,1468.0,-2.1,-0.1,1.0,-0.278025,7275600.0,870622.0506700154,-6404977.949329984,WAS,9240012.0,,,,,16515612.0
Grayson Allen,PHO,30.0,SG,51.0,1467.0,2.1,1.5,3.9,2.3776312500000003,16875000.0,14488251.794624181,-2386748.2053758185,PHO,18125000.0,19375000.0,,,,35000000.0
Brandon Williams,DAL,26.0,PG,66.0,1463.0,0.4,0.9,2.5,1.2430583333333334,2270735.0,8670407.750733022,6399672.750733022,DAL,,,,,,
Daniss Jenkins,DET,24.0,PG,72.0,1455.0,-0.7,0.5,2.9,0.9423645833333333,3809524.0,7128515.363937435,3318991.3639374347,DET,4000000.0,,,,,3809524.0
Javonte Green,DET,32.0,SG,82.0,1446.0,2.1,1.5,4.7,2.636029166666667,2296274.0,15813260.313997045,13516986.313997045,DET,,,,,,2296274.0
Tre Johnson,WAS,19.0,SG,60.0,1443.0,-5.0,-1.1,-0.7,-1.9528125,8237640.0,-7717325.306900317,-15954965.306900317,WAS,8649600.0,9061680.0,11490211.0,,,16887240.0
Lauri Markkanen,UTA,28.0,PF,42.0,1443.0,2.6,1.6,3.5,2.4034625,46394100.0,14620708.84674586,-31773391.15325414,UTA,46113154.0,49824681.0,53536209.0,,,195868144.0
Sidy Cissoko,POR,21.0,SF,75.0,1435.0,-4.0,-0.7,1.3,-0.8762500000000001,686243.0,-2196946.1082650805,-2883189.1082650805,POR,2497812.0,,,,,686243.0
Luke Kornet,SAS,30.0,C,68.0,1430.0,3.6,2.0,6.9,3.9319166666666665,11000000.0,22458290.582812294,11458290.582812294,SAS,10450000.0,9900000.0,9350000.0,,,24000000.0
Baylor Scheierman,BOS,25.0,SG,77.0,1429.0,0.6,0.9,3.8,1.7274291666666668,2619000.0,11154156.4162856,8535156.4162856,BOS,2744040.0,4952993.0,,,,5363040.0
Spencer Jones,DEN,24.0,SF,64.0,1417.0,-2.4,-0.1,2.6,0.19568333333333335,623967.0,3299695.726888071,2675728.726888071,DEN,,,,,,623967.0
Mark Williams,PHO,24.0,C,60.0,1416.0,2.0,1.4,6.3,3.0976666666666666,6276531.0,18180437.372746512,11903906.372746512,PHO,,,,,,6276531.0
Aaron Wiggins,OKC,27.0,SG,65.0,1414.0,-0.9,0.4,2.1,0.5947208333333333,10102803.0,5345873.551654777,-4756929.448345223,OKC,9224300.0,8345797.0,8345797.0,,,27672900.0
Christian Braun,DEN,24.0,SG,44.0,1399.0,-1.2,0.3,3.0,0.785225,4921797.0,6322737.63425101,1400940.6342510097,DEN,21551726.0,23275863.0,25000000.0,26724137.0,28448274.0,129921797.0
Gui Santos,GSW,23.0,PF,68.0,1395.0,-0.6,0.5,2.7,0.9097291666666667,2221677.0,6961168.01967692,4739491.01967692,GSW,,,,,,2221677.0
Kyshawn George,WAS,22.0,SF,48.0,1391.0,-1.2,0.3,0.6,-0.01297500000000007,2966760.0,2229741.0118062883,-737018.9881937117,WAS,3108000.0,5435892.0,,,,6074760.0
Ben Sheppard,IND,24.0,SG,65.0,1390.0,-3.0,-0.4,1.4,-0.44854166666666667,2790720.0,-3750.463408159092,-2794470.463408159,IND,5031669.0,,,,,7822389.0
Justin Champagnie,WAS,24.0,SF,69.0,1377.0,-0.4,0.6,3.1,1.1300583333333334,2349578.0,8090968.238911105,5741390.238911105,WAS,2667944.0,3005085.0,,,,5017522.0
Will Richard,GSW,23.0,SG,69.0,1377.0,-1.7,0.1,2.5,0.42774791666666667,1272870.0,4489672.6196121685,3216802.6196121685,GSW,2150917.0,2525901.0,2735698.0,,,3423787.0
Gary Trent Jr.,MIL,27.0,SG,65.0,1377.0,-5.4,-1.2,-0.1,-1.8275458333333334,3697105.0,-7074984.986715432,-10772089.986715432,MIL,3881960.0,,,,,3697105.0
Sam Merrill,CLE,29.0,SG,52.0,1377.0,0.1,0.7,3.7,1.4924854166666668,8482144.0,9949415.780837722,1467271.7808377221,CLE,9160715.0,9839285.0,10517856.0,,,38000000.0
Malik Monk,SAC,27.0,SG,62.0,1364.0,-1.3,0.2,1.0,0.06752499999999995,18797619.0,2642527.566688273,-16155091.433311727,SAC,20190035.0,21582451.0,,,,38987654.0
Ryan Dunn,PHO,23.0,SF,70.0,1355.0,-0.9,0.4,2.6,0.7713437499999999,2657760.0,6251557.592450319,3593797.592450319,PHO,2784240.0,5025553.0,,,,5442000.0
Josh Okogie,HOU,27.0,SG,78.0,1354.0,-1.2,0.3,2.7,0.69535,2296274.0,5861878.111020969,3565604.111020969,HOU,,,,,,2296274.0
Kobe Sanders,LAC,23.0,SG,68.0,1351.0,-2.9,-0.3,1.4,-0.3679395833333335,475497.0,409559.5526847255,-65937.4473152745,LAC,2150917.0,,,,,475497.0
Derrick Jones Jr.,LAC,28.0,SF,50.0,1350.0,-0.7,0.5,2.8,0.9228125,10000000.0,7028256.5177270975,-2971743.4822729025,LAC,10476190.0,,,,,20476190.0
Aaron Nesmith,IND,26.0,SF,45.0,1335.0,-3.4,-0.5,0.7,-0.7843958333333335,11000000.0,-1725937.8472726718,-12725937.847272672,IND,11000000.0,19418000.0,20971440.0,,,62389440.0
Kris Murray,POR,25.0,SF,57.0,1333.0,-1.5,0.2,2.2,0.4250937500000001,3132000.0,4476062.628128741,1344062.628128741,POR,5315004.0,,,,,8447004.0
Stephen Curry,GSW,37.0,PG,43.0,1329.0,5.4,2.5,4.1,3.5456125000000003,59606817.0,20477406.531944107,-39129410.46805589,GSW,62587158.0,,,,,122193975.0
Jordan Miller,LAC,26.0,SF,60.0,1325.0,0.2,0.8,3.5,1.4830208333333335,712637.0,9900883.448569894,9188246.448569894,LAC,2497812.0,,,,,3210449.0
Drake Powell,BRK,20.0,SG,63.0,1320.0,-6.0,-1.3,-0.1,-1.9516666666666669,3372240.0,-7711449.72188,-11083689.72188,BRK,3540600.0,3709320.0,6101832.0,,,6912840.0
Jericho Sims,MIL,27.0,C,67.0,1318.0,-3.1,-0.4,3.2,0.16724583333333332,2461463.0,3153874.3895656304,692411.3895656304,MIL,2801346.0,,,,,2461463.0
Dean Wade,CLE,29.0,PF,59.0,1318.0,0.2,0.7,3.1,1.3160916666666667,6623456.0,9044906.857046243,2421450.857046243,CLE,,,,,,
Isaiah Stewart,DET,24.0,C,58.0,1317.0,0.0,0.7,4.1,1.5999999999999999,15000000.0,10500727.264735095,-4499272.735264905,DET,15000000.0,15000000.0,,,,30000000.0
Egor DÑmin,BRK,19.0,PG,52.0,1308.0,-1.6,0.1,0.9,-0.059066666666666746,6889200.0,1993392.933643529,-4895807.066356471,BRK,7233720.0,7578240.0,9639522.0,,,14122920.0
Alex Sarr,WAS,20.0,C,48.0,1305.0,0.7,0.9,1.6,1.0046145833333333,11808240.0,7447719.8737685345,-4360520.1262314655,WAS,12370680.0,15611798.0,,,,24178920.0
Yves Missi,NOP,21.0,C,66.0,1297.0,-1.7,0.1,2.7,0.5199145833333334,3353040.0,4962283.312882846,1609243.3128828462,NOP,3512760.0,5595827.0,,,,6865800.0
Nicolas Batum,LAC,37.0,PF,74.0,1295.0,-1.0,0.3,1.8,0.4571875,5601600.0,4640632.423106924,-960967.5768930763,LAC,5881680.0,,,,,5601600.0
Ziaire Williams,BRK,24.0,SF,56.0,1281.0,-1.7,0.1,1.6,0.15834791666666673,6250000.0,3108247.8011623966,-3141752.1988376034,BRK,6250000.0,,,,,6250000.0
Jordan Clarkson,NYK,33.0,SG,72.0,1279.0,-3.3,-0.4,1.9,-0.29138125,12947835.0,802134.0950968168,-12145700.904903183,NYK,,,,,,2296274.0
Jaylin Williams,OKC,23.0,PF,65.0,1277.0,2.7,1.5,4.1,2.5131479166666666,8450704.0,15183151.893536275,6732447.893536275,OKC,7774648.0,7774648.0,,,,16225352.0
Kevin Porter Jr.,MIL,25.0,PG,38.0,1261.0,2.1,1.3,2.8,1.8631854166666664,5134000.0,11850285.046611033,6716285.046611033,MIL,5390700.0,,,,,5134000.0
Collin Murray-Boyles,TOR,20.0,PF,57.0,1246.0,1.0,1.0,4.0,1.9002916666666667,6332520.0,12040557.855332645,5708037.855332645,TOR,6649560.0,6966000.0,8874684.0,,,12982080.0
Nolan TraorÃ©,BRK,19.0,PG,56.0,1243.0,-6.8,-1.5,-1.6,-2.6181583333333336,3811560.0,-11129074.553443793,-14940634.553443793,BRK,4002000.0,4193040.0,6457282.0,,,7813560.0
Adem Bona,PHI,22.0,C,71.0,1234.0,-2.9,-0.3,2.9,0.1956791666666667,1955377.0,3299674.3611243605,1344297.3611243605,PHI,2296271.0,2486995.0,,,,
Andre Drummond,PHI,32.0,C,63.0,1231.0,-0.6,0.4,3.4,1.1281791666666665,5000000.0,8081332.2794777835,3081332.2794777835,PHI,,,,,,5000000.0
Pat Spencer,GSW,29.0,PG,66.0,1229.0,-2.3,-0.1,1.4,-0.09667291666666673,857804.0,1800556.233276689,942752.233276689,GSW,,,,,,857804.0
Zach LaVine,SAC,30.0,SG,39.0,1224.0,-1.5,0.2,1.3,0.15574999999999997,47499660.0,3094926.247489057,-44404733.75251094,SAC,48967380.0,,,,,47499660.0
Jordan Walsh,BOS,21.0,PF,68.0,1212.0,0.2,0.7,3.8,1.54545,2221677.0,10221006.686240535,7999329.686240535,BOS,2406205.0,,,,,200000.0
Jaxson Hayes,LAL,25.0,C,66.0,1207.0,1.2,1.0,5.0,2.271575,3449323.0,13944418.328025391,10495095.328025391,LAL,,,,,,3449323.0
Joel Embiid,PHI,31.0,C,38.0,1201.0,4.9,2.1,4.1,3.1700854166666663,55224526.0,18551785.02891247,-36672740.97108753,PHI,58100000.0,62748000.0,67396000.0,,,176072526.0
Santi Aldama,MEM,25.0,PF,43.0,1198.0,1.7,1.1,2.3,1.5151958333333333,18485916.0,10065869.875940427,-8420046.124059573,MEM,17007043.0,17007043.0,,,,35492959.0
Daniel Gafford,DAL,27.0,C,55.0,1195.0,0.7,0.8,4.1,1.790177083333333,14386320.0,11475914.134880073,-2910405.8651199266,DAL,17263584.0,18126763.0,18989942.0,,,68766609.0
Danny Wolf,BRK,21.0,PF,57.0,1187.0,-2.5,-0.2,0.8,-0.35640625000000004,2801280.0,468699.9866346917,-2332580.0133653083,BRK,2941440.0,3081840.0,5559640.0,,,5742720.0
Jimmy Butler,GSW,36.0,SF,38.0,1182.0,5.5,2.3,5.7,3.885604166666667,54126450.0,22220810.119172893,-31905639.880827107,GSW,56832773.0,,,,,110959223.0
Mouhamed Gueye,ATL,23.0,PF,77.0,1179.0,-1.3,0.2,2.7,0.6792854166666668,2221677.0,5779502.409036109,3557825.409036109,ATL,2406205.0,,,,,
GG Jackson II,MEM,21.0,PF,55.0,1178.0,-1.2,0.2,1.3,0.23495,2221677.0,3501046.6840934446,1279369.6840934446,MEM,2406205.0,,,,,2221677.0
Bones Hyland,MIN,25.0,PG,71.0,1177.0,1.7,1.1,3.1,1.77516875,2296274.0,11398954.653995764,9102680.653995764,MIN,,,,,,2296274.0
Mitchell Robinson,NYK,27.0,C,60.0,1175.0,3.5,1.6,5.8,3.237760416666667,12954546.0,18898807.763094313,5944261.763094313,NYK,,,,,,12954546.0
Simone Fontecchio,MIA,30.0,SF,70.0,1173.0,0.5,0.7,2.6,1.20996875,8307692.0,8500731.53822809,193039.53822809085,MIA,,,,,,8307692.0
Ryan Nembhard,DAL,22.0,PG,60.0,1171.0,-4.1,-0.6,0.8,-0.8335395833333332,,-1977936.3473531865,,,,,,,,
Landry Shamet,NYK,28.0,SG,51.0,1171.0,-0.3,0.5,2.6,0.9674645833333333,2296274.0,7257222.724527966,4960948.724527966,NYK,,,,,,2296274.0
Day'Ron Sharpe,BRK,24.0,C,62.0,1160.0,1.4,1.0,3.5,1.8045,6250000.0,11549358.94763405,5299358.947634051,BRK,6250000.0,,,,,6250000.0
Quinten Post,GSW,25.0,PF,67.0,1159.0,-1.1,0.3,1.9,0.4942895833333332,1955377.0,4830883.866064822,2875506.8660648223,GSW,,,,,,1955377.0
Svi Mykhailiuk,UTA,28.0,SF,50.0,1156.0,-1.7,0.1,1.1,0.031525000000000025,3675000.0,2457927.368231734,-1217072.6317682662,UTA,3850000.0,4025000.0,,,,
Caris LeVert,DET,31.0,SG,60.0,1154.0,-0.4,0.5,1.6,0.6134499999999999,14104000.0,5441912.65953234,-8662087.34046766,DET,14809200.0,,,,,28913200.0
Jakob Poeltl,TOR,30.0,C,46.0,1149.0,1.6,1.0,4.3,2.1113666666666666,19500000.0,13122904.71336637,-6377095.286633629,TOR,19500000.0,27300000.0,29484000.0,27300000.0,,95784000.0
Craig Porter Jr.,CLE,25.0,PG,64.0,1148.0,2.0,1.2,2.8,1.7638333333333334,2221677.0,11340829.093822034,9119152.093822034,CLE,2406205.0,,,,,
Gary Payton II,GSW,33.0,SG,73.0,1142.0,1.9,1.1,3.5,1.9401708333333332,2296274.0,12245049.579803424,9948775.579803424,GSW,,,,,,2296274.0
Dru Smith,MIA,28.0,SG,70.0,1141.0,2.2,1.2,3.0,1.8706625000000001,2378870.0,11888625.909589075,9509755.909589075,MIA,2584539.0,2934742.0,,,,2378870.0
Isaiah Hartenstein,OKC,27.0,C,47.0,1137.0,4.2,1.8,5.3,3.2620541666666667,28500000.0,19023380.84840691,-9476619.15159309,OKC,28500000.0,,,,,28500000.0
Paul George,PHI,35.0,PF,37.0,1135.0,1.7,1.1,2.5,1.5617812500000001,51666090.0,10304749.79710285,-41361340.20289715,PHI,54126380.0,56586670.0,,,,105792470.0
Jarred Vanderbilt,LAL,26.0,PF,65.0,1128.0,-1.5,0.1,1.8,0.3160833333333334,11571429.0,3917080.8350593867,-7654348.164940613,LAL,12428571.0,13285714.0,,,,24000000.0
De'Anthony Melton,GSW,27.0,PG,49.0,1125.0,-2.5,-0.1,0.7,-0.32734375,3080921.0,617726.1885136692,-2463194.811486331,GSW,3451779.0,,,,,3080921.0
Luka Garza,BOS,27.0,C,69.0,1118.0,2.4,1.2,5.3,2.6697666666666664,2461463.0,15986258.902758917,13524795.902758917,BOS,2801346.0,,,,,5262809.0
Jalen Smith,CHI,25.0,C,53.0,1095.0,-0.7,0.4,2.6,0.85628125,9000000.0,6687098.685683718,-2312901.314316282,CHI,9428571.0,,,,,18428571.0
Kentavious Caldwell-Pope,MEM,32.0,SG,51.0,1088.0,-2.5,-0.1,0.7,-0.31,21621500.0,706661.1799575749,-20914838.820042424,MEM,21621500.0,,,,,21621500.0
Hugo GonzÃ¡lez,BOS,19.0,SF,74.0,1084.0,-1.5,0.1,2.2,0.46179166666666677,2783880.0,4664241.592006747,1880361.5920067467,BOS,2923560.0,3062640.0,5528065.0,,,5707440.0
Jusuf NurkiÄ,UTA,31.0,C,41.0,1083.0,1.1,0.9,1.5,1.0233687500000002,19375000.0,7543887.17622836,-11831112.82377164,UTA,,,,,,19375000.0
Miles McBride,NYK,25.0,SG,41.0,1080.0,1.2,0.9,2.7,1.4430000000000003,4333333.0,9695665.288132966,5362332.288132966,NYK,3956523.0,,,,,8289856.0
Gradey Dick,TOR,22.0,SG,76.0,1067.0,-3.6,-0.4,1.4,-0.3868916666666668,4990560.0,312377.37644866435,-4678182.623551335,TOR,7131511.0,,,,,12122071.0
Giannis Antetokounmpo,MIL,31.0,PF,36.0,1039.0,9.5,3.0,5.0,4.5173854166666665,54126450.0,25460447.456148468,-28666002.543851532,MIL,58456566.0,62786682.0,,,,112583016.0
Tyler Herro,MIA,26.0,SG,33.0,1033.0,2.0,1.1,2.4,1.5540416666666665,31000000.0,10265062.891011065,-20734937.108988933,MIA,33000000.0,,,,,64000000.0
Jamir Watkins,WAS,24.0,SG,50.0,1032.0,-3.3,-0.3,1.1,-0.37188333333333334,,389336.857332977,,,,,,,,
Alex Caruso,OKC,31.0,SG,56.0,1020.0,1.9,1.0,2.5,1.5300416666666667,18102000.0,10141996.09204004,-7960003.90795996,OKC,19550160.0,20998320.0,22446480.0,,,81096960.0
Franz Wagner,ORL,24.0,SF,34.0,1019.0,2.5,1.2,2.8,1.8109895833333336,38661750.0,11582636.124612764,-27079113.875387236,ORL,41754690.0,44847630.0,47940570.0,51033510.0,,224238150.0
Caleb Love,POR,24.0,SG,49.0,1013.0,-3.1,-0.3,0.6,-0.4888062500000001,,-210218.5210221382,,,,,,,,
Robert Williams,POR,28.0,C,59.0,1008.0,4.5,1.7,4.5,2.9171666666666667,13285713.0,17254872.488818586,3969159.488818586,POR,,,,,,13285713.0
Aaron Gordon,DEN,30.0,PF,36.0,1005.0,1.7,0.9,3.2,1.687010416666667,22841455.0,10946897.825414345,-11894557.174585655,DEN,33658037.0,36350680.0,39043323.0,,,92850172.0
Nae'Qwan Tomlin,CLE,25.0,PF,64.0,1004.0,-2.1,0.0,2.2,0.3380083333333333,718150.0,4029507.4837027094,3311357.4837027094,CLE,2411090.0,,,,,3129240.0
Mike Conley,MIN,38.0,PG,54.0,991.0,-1.3,0.2,1.9,0.45844375,11499872.0,4647074.200865563,-6852797.799134437,MIN,,,,,,725834.0
Olivier-Maxence Prosper,MEM,23.0,PF,53.0,984.0,-0.1,0.5,2.4,0.9482166666666667,1002360.0,7158523.579068478,6156163.579068478,DAL,1002360.0,1002360.0,,,,3007080.0
Justin Edwards,PHI,22.0,SF,64.0,977.0,-1.3,0.2,1.7,0.39518958333333326,2048494.0,4322720.541980293,2274226.5419802926,PHI,2411090.0,2616754.0,,,,4459584.0
Goga Bitadze,ORL,26.0,C,64.0,972.0,2.8,1.2,4.4,2.3769666666666667,8333333.0,14484843.955312395,6151510.9553123955,ORL,7608696.0,,,,,15942029.0
Al Horford,GSW,39.0,C,45.0,969.0,1.6,0.9,2.1,1.2907,5685000.0,8914703.892995993,3229703.8929959927,GSW,5969250.0,,,,,5685000.0
T.J. McConnell,IND,33.0,PG,56.0,963.0,2.5,1.1,2.6,1.6847395833333334,10200000.0,10935253.484192258,735253.4841922577,IND,11000000.0,11800000.0,11800000.0,,,33000000.0
Anthony Gill,WAS,33.0,PF,55.0,951.0,-2.6,-0.2,1.7,0.03638750000000002,2296274.0,2482861.2144815926,186587.21448159264,WAS,,,,,,2296274.0
Kasparas JakuÄionis,MIA,19.0,PG,53.0,945.0,-0.4,0.4,2.3,0.8291249999999999,3658800.0,6547847.320702178,2889047.3207021784,MIA,3841680.0,4024440.0,6205687.0,,,7500480.0
Jalen Williams,OKC,24.0,SG,33.0,936.0,2.1,1.0,3.0,1.7018833333333336,6580997.0,11023162.918978075,4442165.918978075,OKC,41500000.0,44820000.0,48140000.0,51460000.0,54780000.0,247280997.0
Jordan Poole,NOP,26.0,PG,39.0,933.0,-3.5,-0.4,0.2,-0.6789479166666667,31848215.0,-1185223.7821755786,-33033438.78217558,NOP,34044642.0,,,,,65892857.0
Clint Capela,HOU,31.0,C,75.0,926.0,0.4,0.6,3.0,1.26945,6700000.0,8805738.49807373,2105738.4980737306,HOU,7035000.0,7370000.0,,,,21105000.0
Ben Saraf,BRK,19.0,SG,44.0,916.0,-7.3,-1.2,-1.1,-2.0204416666666667,2884560.0,-8064113.017681345,-10948673.017681345,BRK,3028560.0,3172920.0,5720776.0,,,5913120.0
Micah Peavy,NOP,24.0,SG,61.0,913.0,-5.2,-0.7,0.4,-0.9901750000000001,1272870.0,-2781128.819630672,-4053998.819630672,NOP,2150917.0,2525901.0,2735698.0,,,3423787.0
Karlo MatkoviÄ,NOP,24.0,PF,62.0,912.0,0.7,0.6,2.7,1.2197000000000002,1955377.0,8550631.279373374,6595254.279373374,NOP,2296271.0,,,,,1955377.0
Josh Green,CHO,25.0,SG,58.0,908.0,-0.7,0.3,1.9,0.6141583333333333,13666667.0,5445544.839363082,-8221122.160636918,CHO,14679012.0,,,,,28345679.0
Micah Potter,IND,27.0,C,47.0,908.0,0.7,0.6,2.6,1.1858416666666667,1527805.0,8377013.083463901,6849208.083463901,IND,2801346.0,,,,,1527805.0
Dylan Cardwell,SAC,24.0,C,44.0,907.0,-1.9,0.0,2.3,0.44354791666666654,,4570691.595601426,,,,,,,,
Dwight Powell,DAL,34.0,C,63.0,904.0,-1.4,0.1,2.6,0.6627000000000001,4000000.0,5694455.986587469,1694455.9865874685,DAL,,,,,,4000000.0
Paul Reed,DET,26.0,C,65.0,901.0,5.3,1.6,4.5,2.928702083333333,5335894.0,17314023.605650403,11978129.605650403,DET,5602689.0,,,,,5335894.0
Quenton Jackson,IND,27.0,PG,49.0,897.0,-1.8,0.0,1.4,0.16392916666666657,,3136867.2416522726,,,,,,,,
Jaylen Clark,MIN,24.0,SG,68.0,888.0,-2.4,-0.1,1.7,0.13373333333333334,2191897.0,2982029.5520441085,790132.5520441085,MIN,,,,,,2191897.0
Bryce McGowens,NOP,23.0,SG,42.0,880.0,-2.8,-0.2,1.7,0.03799999999999996,724598.0,2491129.7650374584,1766531.7650374584,NOP,2584539.0,2934742.0,,,,3309137.0
Jonas ValanÄiÅ«nas,DEN,33.0,C,65.0,871.0,0.0,0.4,2.9,1.0999999999999999,10395000.0,7936835.619505378,-2458164.3804946216,DEN,10000000.0,,,,,10395000.0
Trendon Watford,PHI,25.0,PF,53.0,864.0,-1.9,0.0,1.4,0.15886666666666663,2461463.0,3110907.838744322,649444.8387443218,PHI,2801346.0,,,,,2461463.0
Julian Strawther,DEN,23.0,SG,57.0,861.0,-2.3,-0.1,1.3,0.028693749999999962,2674200.0,2443409.3317906205,-230790.66820937954,DEN,4826931.0,,,,,7501131.0
Jalen Wilson,BRK,25.0,PF,54.0,859.0,-5.6,-0.8,0.2,-1.1019500000000002,2221677.0,-3354286.7969217757,-5575963.796921776,BRK,,,,,,2221677.0
Caleb Martin,DAL,30.0,SF,58.0,856.0,-2.2,0.0,0.9,-0.053100000000000036,9594044.0,2023988.7072766037,-7570055.292723397,DAL,10001493.0,9371351.0,,,,19595537.0
Kenrich Williams,OKC,31.0,PF,56.0,855.0,0.2,0.5,2.3,0.9653958333333333,7163000.0,7246614.6228458285,83614.62284582853,OKC,7163000.0,,,,,7163000.0
Daeqwon Plowden,SAC,27.0,SG,32.0,844.0,-4.4,-0.5,0.8,-0.5963,,-761423.1761009614,,,,,,,,
Javon Small,MEM,23.0,PG,41.0,830.0,1.0,0.6,1.9,0.9889583333333333,,7367438.016627279,,,,,,,,
Jalen Green,PHO,23.0,SG,32.0,828.0,-1.1,0.2,0.3,-0.004108333333333343,33584499.0,2275207.3569816956,-31309291.643018305,PHO,36251166.0,36000000.0,,,,69835665.0
Carter Bryant,SAS,20.0,PF,71.0,818.0,-3.0,-0.2,1.3,-0.09345833333333335,4900320.0,1817039.9199791453,-3083280.0800208547,SAS,5145360.0,5390640.0,7983539.0,,,10045680.0
Nikola JoviÄ,MIA,22.0,PF,47.0,808.0,-3.5,-0.3,0.0,-0.63025,4445417.0,-935511.4188120589,-5380928.418812059,MIA,16200000.0,14904000.0,15096000.0,16200000.0,,66845417.0
Jalen Pickett,DEN,26.0,SG,50.0,807.0,-2.3,-0.1,1.0,-0.048018749999999964,2221677.0,2050044.2561212513,-171632.74387874873,DEN,2406205.0,,,,,2221677.0
Keegan Murray,SAC,25.0,PF,23.0,793.0,-3.1,-0.2,0.2,-0.46093125000000007,11144093.0,-67281.56180058094,-11211374.56180058,SAC,24137936.0,26068965.0,27999999.0,29931033.0,31862067.0,151144093.0
Aaron Holiday,HOU,29.0,PG,57.0,781.0,-2.4,-0.1,1.4,0.08188333333333331,2296274.0,2716153.9884337867,419879.98843378667,HOU,,,,,,2296274.0
Jabari Walker,PHI,23.0,PF,64.0,762.0,-2.7,-0.1,1.7,0.1475708333333332,724598.0,3052985.2533258405,2328387.2533258405,PHI,2584539.0,,,,,724598.0
Noah Penda,ORL,21.0,SF,59.0,757.0,-1.5,0.1,1.1,0.18709375000000003,1272870.0,3255650.204999395,1982780.2049993952,ORL,2150917.0,2525901.0,2735698.0,,,3423787.0
Scoot Henderson,POR,21.0,PG,30.0,748.0,-2.2,0.0,1.0,0.02478333333333327,10748040.0,2423357.5625485526,-8324682.437451447,POR,13585523.0,,,,,24333563.0
Pete Nance,MIL,25.0,PF,47.0,737.0,-2.3,-0.1,1.1,0.015502083333333324,,2375765.3238839763,,,,,,,,
Thomas Bryant,CLE,28.0,C,60.0,732.0,0.1,0.4,2.3,0.9137249999999999,2296274.0,6981657.787075047,4685383.787075047,CLE,,,,,,2296274.0
Steven Adams,HOU,32.0,C,32.0,730.0,-0.5,0.3,2.1,0.7315624999999999,14130434.0,6047567.96342673,-8082866.03657327,HOU,13000000.0,11869566.0,,,,39000000.0
Lonzo Ball,CLE,28.0,PG,35.0,728.0,-1.1,0.2,0.6,0.11651666666666664,10000000.0,2893746.216393365,-7106253.783606635,UTA,,,,,,10000000.0
Tyler Kolek,NYK,24.0,PG,62.0,727.0,-0.6,0.3,1.4,0.4848791666666667,2191897.0,4782629.288725229,2590732.288725229,NYK,2296271.0,2486995.0,,,,4488168.0
Grant Williams,CHO,27.0,PF,36.0,711.0,1.6,0.7,1.9,1.0799666666666665,13645500.0,7834109.027586508,-5811390.972413492,CHO,14265750.0,,,,,27911250.0
Sharife Cooper,WAS,24.0,PG,41.0,700.0,-3.9,-0.3,0.6,-0.411875,,184268.25724202022,,,,,,,,
Devin Carter,SAC,23.0,PG,38.0,700.0,-2.6,-0.1,0.2,-0.30791666666666667,4923720.0,717344.0618126988,-4206375.938187301,SAC,5158080.0,7370897.0,,,,10081800.0
Jett Howard,ORL,22.0,SF,55.0,695.0,-1.8,0.0,1.3,0.19877083333333334,5529720.0,3315527.757797364,-2214192.242202636,ORL,7337939.0,,,,,5529720.0
Jordan Hawkins,NOP,23.0,SG,51.0,692.0,-6.2,-0.7,-0.4,-1.171116666666667,4741320.0,-3708958.474511888,-8450278.474511888,NOP,7021895.0,,,,,11763215.0
Rasheer Fleming,PHO,21.0,PF,55.0,673.0,-3.8,-0.3,0.8,-0.3128458333333333,1272870.0,692068.3633434759,-580801.6366565241,PHO,2150917.0,2525901.0,2735698.0,,,5949688.0
Jahmai Mashack,MEM,23.0,SG,31.0,673.0,-7.0,-0.8,-0.5,-1.3166458333333333,,-4455200.503619705,,,,,,,,
Tristan Vukcevic,WAS,22.0,C,49.0,671.0,0.0,0.3,0.8,0.3666666666666667,,4176461.206501793,,,,,,,,
Tre Mann,CHO,24.0,PG,53.0,669.0,-5.3,-0.5,0.0,-0.8314854166666666,8000000.0,-1967403.0258440347,-9967403.025844034,CHO,8000000.0,8000000.0,,,,16000000.0
Gary Harris,MIL,31.0,SG,48.0,661.0,-2.5,-0.1,0.7,-0.10984375000000006,3634153.0,1733019.054188596,-1901133.945811404,MIL,3815861.0,,,,,3634153.0
Ethan Thompson,IND,26.0,SG,32.0,653.0,-4.9,-0.5,0.3,-0.6666104166666668,,-1121959.755829536,,,,,,,,
Jamaree Bouyea,PHO,26.0,PG,46.0,644.0,-0.4,0.3,1.1,0.4183666666666667,,4441567.602618546,,,,,,,,
Johnny Furphy,IND,21.0,SG,35.0,643.0,-3.7,-0.3,0.5,-0.3794145833333334,1955377.0,350718.2394267041,-1604658.7605732959,IND,2296271.0,2486995.0,,,,4251648.0
Mohamed Diawara,NYK,20.0,SF,69.0,634.0,-1.7,0.0,0.9,0.0979125,1272870.0,2798348.0814271094,1525478.0814271094,NYK,,,,,,1272870.0
Zeke Nnaji,DEN,25.0,PF,52.0,626.0,-3.5,-0.3,0.9,-0.21081249999999999,8177778.0,1215273.1850800205,-6962504.814919979,DEN,7466667.0,7466667.0,,,,15644445.0
Anthony Davis,DAL,32.0,PF,20.0,626.0,2.4,0.7,1.3,0.9483666666666667,54126450.0,7159292.746562047,-46967157.25343795,WAS,58456566.0,62786682.0,,,,112583016.0
Dorian Finney-Smith,HOU,32.0,PF,37.0,620.0,-4.3,-0.4,0.5,-0.4665416666666668,12700000.0,-96050.56263642991,-12796050.56263643,HOU,13335000.0,13335000.0,13335000.0,,,39370000.0
Kam Jones,IND,23.0,SG,37.0,616.0,-6.2,-0.6,0.0,-0.9161000000000001,1272870.0,-2401288.2723898897,-3674158.2723898897,IND,2150917.0,2525901.0,2735698.0,,,1272870.0
Kevin Love,UTA,37.0,PF,37.0,613.0,0.2,0.3,1.1,0.4896541666666667,4150000.0,4807114.453937173,657114.4539371729,UTA,,,,,,4150000.0
Taurean Prince,MIL,31.0,SF,26.0,611.0,-3.1,-0.2,0.5,-0.25514375,3303774.0,987952.1420848405,-2315821.8579151593,MIL,3815861.0,,,,,3303774.0
Jase Richardson,ORL,20.0,SG,54.0,587.0,-2.5,-0.1,1.0,0.02484374999999998,2983320.0,2423667.3661223515,-559652.6338776485,ORL,3132360.0,3282000.0,5910882.0,,,6115680.0
Tidjane SalaÃ¼n,CHO,20.0,PF,37.0,575.0,-0.8,0.2,1.4,0.4470833333333333,7863240.0,4588820.446109572,-3274419.5538904276,CHO,8237880.0,10445633.0,,,,16101120.0
Ja Morant,MEM,26.0,PG,20.0,569.0,-1.5,0.1,0.3,-0.026697916666666672,39446090.0,2159372.8690265883,-37286717.13097341,MEM,42166510.0,44886930.0,,,,126499530.0
Domantas Sabonis,SAC,29.0,C,19.0,564.0,0.6,0.4,1.1,0.56345,42336000.0,5185523.495009368,-37150476.50499063,SAC,45472000.0,48608000.0,,,,136416000.0
Dalton Knecht,LAL,24.0,SF,54.0,553.0,-3.6,-0.2,0.4,-0.30660833333333337,4010160.0,724052.9116177163,-3286107.0883822837,LAL,4201080.0,6452860.0,,,,8211240.0
Drew Eubanks,SAC,28.0,C,42.0,552.0,-3.7,-0.2,0.6,-0.24961666666666674,2296274.0,1016293.8276464837,-1279980.1723535163,SAC,,,,,,2296274.0
Tyrese Proctor,CLE,21.0,PG,50.0,545.0,-2.8,-0.1,0.7,-0.08612500000000005,1272870.0,1854643.664109181,581773.6641091809,CLE,2150917.0,2525901.0,2735698.0,,,3423787.0
Elijah Harkless,UTA,25.0,SG,26.0,545.0,-5.6,-0.5,0.1,-0.7055833333333333,,-1321804.4266933366,,,,,,,,
Terrence Shannon Jr.,MIN,25.0,SG,43.0,538.0,-3.6,-0.2,1.0,-0.09648333333333332,2674080.0,1801528.3755255055,-872551.6244744945,MIN,2801640.0,5054159.0,,,,5475720.0
Keaton Wallace,ATL,26.0,PG,53.0,536.0,-2.7,-0.1,0.7,-0.07135000000000002,2296274.0,1930406.662225719,-365867.3377742809,ATL,,,,,,2296274.0
Moussa Cisse,DAL,23.0,C,38.0,530.0,-2.9,-0.1,1.3,0.11181249999999998,,2869624.2691644956,,,,,,,,
Cole Anthony,MIL,25.0,PG,35.0,527.0,-4.7,-0.4,-0.5,-0.76441875,5996274.0,-1623499.6931638885,-7619773.6931638885,PHO,3700000.0,3700000.0,,,,2296274.0
Jayson Tatum,BOS,27.0,PF,16.0,522.0,4.8,0.9,1.6,1.3031333333333335,54126450.0,8978459.331907373,-45147990.66809262,BOS,58456566.0,62786682.0,67116798.0,71446914.0,,242486496.0
Jonathan Isaac,ORL,28.0,PF,52.0,521.0,-1.6,0.1,0.9,0.1770333333333333,15000000.0,3204062.568521002,-11795937.431478998,ORL,14500000.0,14500000.0,15000000.0,,,44000000.0
Jamison Battle,TOR,24.0,SF,61.0,517.0,-2.6,-0.1,0.9,0.014629166666666657,1955377.0,2371289.1963866795,415912.19638667954,TOR,2296271.0,,,,,
Asa Newell,ATL,20.0,PF,44.0,500.0,-1.5,0.1,1.2,0.29270833333333335,3237480.0,3797218.9006448975,559738.9006448975,ATL,3399480.0,3560880.0,6042814.0,,,6636960.0
Ariel Hukporti,NYK,23.0,C,54.0,498.0,-2.3,0.0,1.2,0.18523749999999997,1955377.0,3246131.7572664795,1290754.7572664795,NYK,,,,,,1955377.0
D'Angelo Russell,DAL,29.0,PG,26.0,495.0,-2.3,0.0,0.0,-0.21346875,5685000.0,1201652.5107147372,-4483347.489285262,WAS,5969250.0,,,,,5685000.0
Taelon Peter,IND,23.0,SG,38.0,492.0,-4.6,-0.3,0.0,-0.52435,,-392479.1683524051,,,,,,,,
Bez Mbeng,UTA,22.0,SG,15.0,492.0,-4.9,-0.4,0.5,-0.41869166666666685,,149313.86781205377,,,,,,,,
Branden Carlson,OKC,26.0,C,42.0,488.0,0.8,0.4,1.7,0.7732000000000001,,6261076.040183236,,,,,,,,
Jamal Cain,ORL,26.0,SF,40.0,486.0,-1.4,0.1,1.2,0.30575833333333335,,3864136.472585393,,,,,,,,
Cam Christie,LAC,20.0,SG,55.0,480.0,-4.6,-0.3,0.2,-0.44733333333333336,1955377.0,2445.608067812398,-1952931.3919321876,LAC,2296271.0,2486995.0,,,,1955377.0
Matisse Thybulle,POR,28.0,SG,30.0,480.0,4.4,0.8,1.3,1.096,11550000.0,7916324.486343542,-3633675.513656458,POR,,,,,,11550000.0
Maxi Kleber,LAL,34.0,PF,43.0,461.0,-3.9,-0.2,0.6,-0.20377291666666672,11000000.0,1251370.6428684834,-9748629.357131517,LAL,,,,,,11000000.0
Marcus Sasser,DET,25.0,PG,38.0,457.0,-1.7,0.0,0.8,0.12099791666666669,2886720.0,2916725.095263737,30005.09526373679,DET,5198983.0,,,,,8085703.0
Bogdan BogdanoviÄ,LAC,33.0,SG,23.0,452.0,-3.1,-0.1,0.2,-0.2293916666666667,16020000.0,1120003.244696026,-14899996.755303973,LAC,16020000.0,,,,,16020000.0
Larry Nance Jr.,CLE,33.0,PF,35.0,449.0,-3.4,-0.2,0.6,-0.1529041666666667,2296274.0,1512214.5691250418,-784059.4308749582,CLE,,,,,,2296274.0
Oscar Tshiebwe,UTA,26.0,C,27.0,448.0,-1.8,0.0,1.3,0.28213333333333335,,3742992.5923482887,,,,,,,,
Doug McDermott,SAC,34.0,SF,29.0,439.0,-4.4,-0.3,0.2,-0.39550833333333335,2296274.0,268192.97709587263,-2028081.0229041274,SAC,,,,,,2296274.0
Leaky Black,WAS,26.0,SF,15.0,433.0,-5.3,-0.4,0.0,-0.5636270833333333,,-593883.5399670545,,,,,,,,
Moritz Wagner,ORL,28.0,C,36.0,427.0,-2.2,0.0,0.9,0.12386249999999999,5000000.0,2931414.057814532,-2068585.942185468,ORL,,,,,,5000000.0
Yanic Konan NiederhÃ¤user,LAC,22.0,C,41.0,424.0,-2.2,0.0,1.3,0.25843333333333335,2743800.0,3621464.1283644,877664.1283644,LAC,2880960.0,3018480.0,5448356.0,,,5624760.0
Obi Toppin,IND,27.0,PF,24.0,424.0,3.0,0.5,1.1,0.7718333333333334,14000000.0,6254068.069686275,-7745931.930313725,IND,15000000.0,16025000.0,,,,45025000.0
Khaman Maluach,PHO,19.0,C,46.0,411.0,-3.7,-0.2,0.8,-0.08513124999999999,6016080.0,1859739.3987540752,-4156340.601245925,PHO,6316680.0,6617160.0,8436880.0,,,12332760.0
Myron Gardner,MIA,24.0,SF,45.0,411.0,0.9,0.3,1.4,0.6360229166666667,395029.0,5557661.684432607,5162632.684432607,MIA,2150917.0,2525901.0,,,,395029.0
Andre Jackson Jr.,MIL,24.0,SG,48.0,408.0,-7.1,-0.5,-0.4,-0.84315,2221677.0,-2027216.4813508727,-4248893.481350873,MIL,2406205.0,,,,,
Killian Hayes,SAC,24.0,PG,23.0,406.0,-6.0,-0.4,-0.3,-0.6900833333333333,263940.0,-1242323.7856912152,-1506263.7856912152,SAC,,,,,,263940.0
Jae'Sean Tate,HOU,30.0,SF,46.0,405.0,-3.9,-0.2,0.8,-0.09615624999999998,2296274.0,1803205.58797676,-493068.41202324,HOU,,,,,,2296274.0
Julian Reese,WAS,22.0,PF,13.0,402.0,-5.1,-0.3,0.3,-0.3844125,,325090.0058562623,,,,,,,,
Dejounte Murray,NOP,29.0,PG,14.0,389.0,1.4,0.3,0.6,0.40211249999999993,30801103.0,4358219.758384869,-26442883.24161513,NOP,32785071.0,30751504.0,,,,63586174.0
Tyson Etienne,BRK,26.0,PG,24.0,380.0,-2.8,-0.1,0.5,-0.06616666666666667,,1956985.6722812674,,,,,,,,
Bronny James,LAL,21.0,SG,42.0,375.0,-4.3,-0.2,0.1,-0.33567708333333335,1955377.0,574994.6610931738,-1380382.3389068262,LAL,2296271.0,2486995.0,,,,1955377.0
Nick Smith Jr.,LAL,21.0,SG,30.0,375.0,-4.7,-0.3,0.1,-0.3971354166666667,2710680.0,259849.6463670209,-2450830.353632979,CHO,,,,,,2710680.0
Cameron Payne,PHI,31.0,PG,22.0,374.0,0.3,0.2,0.8,0.3543708333333333,712637.0,4113410.837792852,3400773.837792852,PHI,,,,,,712637.0
Liam McNeeley,CHO,20.0,SF,31.0,368.0,-1.3,0.1,0.9,0.24363333333333334,2763960.0,3545572.9356656005,781612.9356656005,CHO,2902080.0,3040320.0,5487778.0,,,5666040.0
Blake Wesley,POR,22.0,SG,31.0,361.0,-3.6,-0.1,0.3,-0.1770083333333334,5643732.0,1388613.626061259,-4255118.373938741,POR,,,,,,2296274.0
Kelly Olynyk,SAS,34.0,C,42.0,360.0,-0.1,0.2,1.0,0.39324999999999993,13445122.0,4312774.778973172,-9132347.221026827,SAS,,,,,,13445122.0
Malachi Smith,BRK,26.0,SG,15.0,359.0,-0.8,0.1,0.7,0.21281666666666665,73153.0,3387551.7472646087,3314398.7472646087,BRK,,,,,,115803.0
Kennedy Chandler,UTA,23.0,PG,11.0,355.0,-5.7,-0.3,0.2,-0.4127395833333334,,179834.8612721432,,,,,,,,
Cam Whitmore,WAS,21.0,SF,21.0,354.0,-3.3,-0.1,0.0,-0.2523708333333334,3539760.0,1002171.0578340101,-2537588.94216599,WAS,5458310.0,,,,,8998070.0
E.J. Liddell,BRK,25.0,PF,26.0,349.0,-3.3,-0.1,0.5,-0.08261041666666669,706898.0,1872665.685798775,1165767.685798775,PHO,706898.0,,,,,1413796.0
Brooks Barnhizer,OKC,23.0,SG,40.0,348.0,-3.1,-0.1,0.6,-0.03560833333333332,,2113682.1833322234,,,,,,,,
Chaney Johnson,BRK,23.0,SF,17.0,348.0,0.1,0.2,0.9,0.37319166666666664,,4209919.9924720405,,,,,,,,
Isaiah Livers,PHO,27.0,PF,36.0,347.0,-2.5,0.0,0.4,-0.02932291666666666,,2145912.437889132,,,,,,,,
Lachlan Olbrich,CHI,22.0,C,37.0,344.0,-3.4,-0.1,0.5,-0.08596666666666664,,1855455.5631301706,,,,,,,,
Ty Jerome,MEM,28.0,SG,15.0,339.0,7.7,0.8,1.3,1.1894312500000002,8781000.0,8395419.68890028,-385580.31109971926,MEM,9220050.0,9659100.0,,,,18001050.0
Ron Harper Jr.,BOS,25.0,SF,29.0,318.0,1.1,0.3,0.8,0.43225416666666666,,4512779.693064801,,,,,,,,
Joan Beringer,MIN,19.0,PF,40.0,314.0,0.4,0.2,1.5,0.5902166666666667,4201080.0,5322777.161084,1121697.161084,MIN,4411200.0,4621200.0,7098163.0,,,8612280.0
Jalen Slawson,IND,26.0,SF,13.0,311.0,-0.4,0.1,0.5,0.176675,,3202225.112841921,,,,,,,,
Kevon Looney,NOP,29.0,C,21.0,308.0,-1.8,0.0,0.7,0.12938333333333332,8000000.0,2959723.6947306097,-5040276.30526939,NOP,8000000.0,,,,,8000000.0
Tyler Burton,MEM,25.0,SF,12.0,307.0,-5.3,-0.3,0.1,-0.3717479166666667,,390031.24465356,,,,,,,,
Yang Hansen,POR,20.0,C,43.0,300.0,-9.5,-0.6,-0.5,-0.9010416666666666,4422360.0,-2324072.402341054,-6746432.402341054,POR,4643520.0,4864920.0,7462788.0,,,9065880.0
Pat Connaughton,CHO,33.0,SG,42.0,297.0,0.1,0.2,0.7,0.30556875,10739683.0,3863164.3303365763,-6876518.669663424,CHO,3815861.0,,,,,10739683.0
LJ Cryer,GSW,24.0,PG,18.0,292.0,-4.7,-0.2,0.3,-0.22399166666666673,,1147693.2744645067,,,,,,,,
Max Strus,CLE,29.0,SF,12.0,288.0,-1.2,0.1,0.7,0.20186666666666664,15936452.0,3331402.520234078,-12605049.479765922,CLE,16660836.0,,,,,32597288.0
Lindy Waters III,SAS,28.0,SG,40.0,285.0,-3.2,-0.1,0.4,-0.071,2296274.0,1932201.3863773802,-364072.61362261977,SAS,,,,,,2296274.0
Blake Hinson,UTA,26.0,SF,14.0,285.0,-0.6,0.1,0.7,0.23460416666666664,,3499273.325705494,,,,,,,,
Zach Edey,MEM,23.0,C,11.0,284.0,0.5,0.2,0.8,0.3599583333333333,6045000.0,4142062.3269282943,-1902937.6730717057,MEM,6332760.0,8067937.0,,,,12377760.0
Jordan McLaughlin,SAS,29.0,PG,44.0,282.0,0.6,0.2,0.6,0.29839166666666667,2296274.0,3826361.802345675,1530087.802345675,SAS,,,,,,2296274.0
Keshad Johnson,MIA,24.0,SF,32.0,280.0,-1.3,0.1,0.6,0.16508333333333333,1955377.0,3142785.558200012,1187408.558200012,MIA,,,,,,1955377.0
Malevy Leons,GSW,26.0,SF,25.0,276.0,-2.8,-0.1,0.5,-0.01156666666666667,,2236962.6399403526,,,,,,,,
Malaki Branham,WAS,22.0,SG,28.0,275.0,-2.2,0.0,0.4,0.019895833333333335,4962033.0,2398295.5217164326,-2563737.4782835674,CHO,,,,,,4962033.0
Cormac Ryan,MIL,27.0,SG,11.0,271.0,-0.8,0.1,0.6,0.19268333333333332,,3284312.3770166924,,,,,,,,
Chaz Lanier,DET,24.0,SG,34.0,262.0,-5.1,-0.2,0.3,-0.21720416666666667,1372870.0,1182498.1035485005,-190371.89645149955,DET,2150917.0,2525901.0,2735698.0,,,3523787.0
Duop Reath,POR,29.0,C,32.0,258.0,-0.9,0.1,0.6,0.1897958333333333,2221677.0,3269505.9027654906,1047828.9027654906,ATL,,,,,,
John Poulakidas,DAL,22.0,SG,13.0,253.0,-2.2,0.0,0.5,0.06230416666666664,,2615756.264759333,,,,,,,,
Jonathan Mogbo,TOR,24.0,PF,40.0,249.0,-0.7,0.1,0.6,0.20065208333333331,1955377.0,3325174.4001125405,1369797.4001125405,TOR,2296271.0,,,,,1955377.0
Adama-Alpha Bal,MEM,22.0,SG,8.0,241.0,-5.4,-0.2,0.3,-0.21067916666666667,117045.0,1215956.8895187483,1098911.8895187483,MEM,,,,,,117045.0
Nate Williams,GSW,26.0,SG,14.0,239.0,-5.0,-0.2,0.3,-0.1907291666666667,,1318256.1661634138,,,,,,,,
Drew Timme,LAL,25.0,PF,27.0,235.0,-2.2,0.0,0.4,0.03639583333333333,1955377.0,2482903.9460090133,527526.9460090133,BRK,,,,,,1955377.0
DeJon Jarreau,MEM,28.0,SG,11.0,231.0,-5.2,-0.2,-0.2,-0.35855833333333337,,457664.5696783487,,,,,,,,
Chris Paul,LAC,40.0,PG,16.0,228.0,-4.2,-0.1,0.1,-0.17955000000000002,2296274.0,1375580.5101980083,-920693.4898019917,TOR,,,,,,2296274.0
A.J. Lawson,TOR,25.0,SG,24.0,226.0,-1.0,0.1,0.6,0.1909583333333333,,3275466.9508406497,,,,,,,,
Lucas Williamson,MEM,27.0,SG,7.0,224.0,-7.6,-0.3,0.0,-0.4192,21946.0,146707.24463940458,124761.24463940458,MEM,,,,,,21946.0
JD Davison,HOU,23.0,PG,28.0,218.0,-1.1,0.0,0.5,0.12170416666666665,2270735.0,2920346.5922126235,649611.5922126235,BOS,,,,,,2270735.0
Toby Okani,MEM,24.0,SG,6.0,217.0,-10.7,-0.5,-0.2,-0.6686895833333333,,-1132621.2719209488,,,,,,,,
Scotty Pippen Jr.,MEM,25.0,PG,10.0,212.0,-2.8,0.0,0.1,-0.07796666666666666,2270735.0,1896477.829453846,-374257.170546154,MEM,2461462.0,2789215.0,,,,2270735.0
DaRon Holmes,DEN,23.0,PF,25.0,210.0,-0.5,0.1,0.4,0.14697916666666666,3218760.0,3049951.3148789858,-168808.68512101425,DEN,3372120.0,5547138.0,,,,6590880.0
Yuki Kawamura,CHI,24.0,PG,18.0,209.0,-3.7,-0.1,0.3,-0.07832708333333337,,1894629.6908929094,,,,,,,,
DeAndre Jordan,NOP,37.0,C,12.0,199.0,-0.2,0.1,0.6,0.22587083333333333,2269880.0,3454490.6849688147,1184610.6849688147,NOP,,,,,,2269880.0
Garrison Mathews,IND,29.0,SG,15.0,196.0,-1.3,0.0,0.4,0.08555833333333333,429325.0,2734998.5920262253,2305673.5920262253,IND,,,,,,561295.0
MarJon Beauchamp,PHI,25.0,SF,14.0,196.0,-1.6,0.0,0.2,0.00786666666666666,,2336612.5618849476,,,,,,,,
Nigel Hayes-Davis,PHO,31.0,SF,27.0,195.0,-7.3,-0.3,-0.1,-0.40023958333333337,2048494.0,243932.15240288642,-1804561.8475971136,MIL,,,,,,2048494.0
Zach Collins,CHI,28.0,C,10.0,184.0,0.2,0.1,0.5,0.2069,18080496.0,3357212.362796057,-14723283.637203943,CHI,,,,,,18080496.0
Dariq Whitehead,MEM,21.0,SF,6.0,183.0,-8.0,-0.3,-0.2,-0.4411666666666667,3262560.0,34066.938358978834,-3228493.061641021,BRK,,,,,,3262560.0
Tre Scott,BRK,29.0,PF,6.0,182.0,-5.3,-0.2,0.1,-0.21419583333333336,129503.0,1197924.184947299,1068421.184947299,BRK,,,,,,174503.0
Jeff Green,HOU,39.0,PF,30.0,175.0,-5.6,-0.2,0.2,-0.18374999999999997,2296274.0,1354043.8203780788,-942230.1796219212,HOU,,,,,,2296274.0
Andersson Garcia,UTA,25.0,SF,5.0,169.0,-5.7,-0.2,0.1,-0.21395208333333335,,1199174.0821243485,,,,,,,,
Tyler Smith,DAL,21.0,PF,12.0,166.0,-4.8,-0.1,0.1,-0.1494,1955377.0,1530183.1764053605,-425193.82359463954,MIL,,,,,,1955377.0
Hunter Tyson,DEN,25.0,PF,21.0,162.0,-6.8,-0.2,0.0,-0.27321666666666666,2221677.0,895278.1419916414,-1326398.8580083586,BRK,,,,,,2221677.0
Nikola TopiÄ,OKC,20.0,PG,10.0,160.0,-8.4,-0.3,0.0,-0.35200000000000004,5182920.0,491294.2817582786,-4691625.718241721,OKC,5429760.0,7482210.0,,,,10612680.0
Kevin McCullar Jr.,NYK,24.0,SF,21.0,155.0,-2.8,0.0,0.2,-0.014708333333333342,,2220852.8541028257,,,,,,,,
Walker Kessler,UTA,24.0,C,5.0,154.0,3.3,0.2,0.5,0.3286208333333333,4878938.0,3981370.4180635214,-897567.5819364786,UTA,,,,,,4878938.0
Joe Ingles,MIN,38.0,SF,27.0,153.0,0.2,0.1,0.4,0.17240416666666666,2296274.0,3180325.205038917,884051.2050389168,MIN,,,,,,2296274.0
Adou Thiero,LAL,21.0,SF,25.0,149.0,-4.4,-0.1,0.2,-0.08959166666666667,1272870.0,1836867.3487022552,563997.3487022552,LAL,2150917.0,2525901.0,,,,3423787.0
Thanasis Antetokounmpo,MIL,33.0,SF,34.0,148.0,-1.7,0.0,0.2,0.019491666666666668,2296274.0,2396223.0426365384,99949.04263653839,MIL,,,,,,2296274.0
Alijah Martin,TOR,24.0,SG,23.0,146.0,-4.3,-0.1,0.0,-0.15104583333333335,,1521743.6997398124,,,,,,,,
Amari Williams,BOS,24.0,PF,22.0,146.0,-2.1,0.0,0.2,0.009179166666666664,490128.0,2343342.7774536754,1853214.7774536754,BOS,2150917.0,,,,,2641045.0
Bismack Biyombo,SAS,33.0,C,25.0,141.0,-5.8,-0.1,0.2,-0.12000416666666669,2296274.0,1680918.6393811572,-615355.3606188428,SAS,,,,,,2296274.0
Tolu Smith,DET,25.0,PF,15.0,137.0,0.0,0.1,0.5,0.19999999999999998,,3321830.658091887,,,,,,,,
PacÃ´me Dadiet,NYK,20.0,SG,29.0,136.0,-3.3,0.0,0.2,-0.017483333333333313,2847600.0,2206623.255471801,-640976.7445281991,NYK,2983680.0,5373608.0,,,,5831280.0
Miles Kelly,DAL,23.0,PG,14.0,134.0,-5.1,-0.1,0.0,-0.16147083333333334,,1468286.5589367729,,,,,,,,
Seth Curry,GSW,35.0,SG,10.0,133.0,0.2,0.1,0.4,0.17165416666666666,1755198.0,3176479.367571072,1421281.3675710722,GSW,,,,,,1755198.0
Bradley Beal,LAC,32.0,SG,6.0,121.0,-10.6,-0.3,-0.2,-0.40715416666666665,24737010.0,208475.6675257308,-24528534.33247427,LAC,25004710.0,19383010.0,19383010.0,19383010.0,,5354000.0
Kobe Bufkin,LAL,22.0,SG,16.0,119.0,-9.4,-0.2,-0.1,-0.30973750000000005,5480297.0,708007.2230713204,-4772289.77692868,MEM,,,,,,131970.0
Kyle Lowry,PHI,39.0,PG,14.0,118.0,-10.4,-0.3,-0.2,-0.3967666666666667,2296274.0,261740.51645537768,-2034533.4835446223,PHI,,,,,,2296274.0
Dereck Lively II,DAL,21.0,C,7.0,115.0,0.6,0.1,0.3,0.14627083333333335,5253360.0,3046319.1350482437,-2207040.8649517563,DAL,7239131.0,,,,,12492491.0
Trey Alexander,NOP,22.0,SG,9.0,111.0,-1.6,0.0,0.2,0.03336666666666666,,2467371.035791663,,,,,,,,
Omer Yurtseven,GSW,27.0,C,9.0,104.0,-7.6,-0.1,0.1,-0.1482,,1536336.5163539117,,,,,,,,
Luke Travers,CLE,24.0,SG,12.0,103.0,-3.2,0.0,0.1,-0.028466666666666668,,2150303.102331588,,,,,,,,
Alondes Williams,WAS,26.0,SG,4.0,101.0,1.1,0.1,0.3,0.15416458333333335,131970.0,3086796.574397308,2954826.574397308,WAS,,,,,,131970.0
Taj Gibson,MEM,40.0,C,10.0,97.0,-3.5,0.0,0.3,0.03634375,,2482636.873962635,,,,,,,,
Javonte Cooke,POR,26.0,SG,19.0,94.0,-11.7,-0.2,-0.3,-0.3728791666666667,,384230.4398062276,,,,,,,,
Chris Boucher,BOS,33.0,PF,9.0,94.0,-3.1,0.0,0.1,-0.02130416666666668,2296274.0,2187030.850149504,-109243.14985049609,UTA,,,,,,2296274.0
Isaiah Crawford,HOU,24.0,SF,14.0,92.0,-3.0,0.0,0.1,-0.018416666666666675,,2201837.3244007053,,,,,,,,
Haywood Highsmith,PHO,29.0,SF,7.0,91.0,3.8,0.1,0.5,0.2648375,6443984.0,3654303.3071870506,-2789680.6928129494,PHO,3018158.0,,,,,1827984.0
Johnny Juzang,MIN,24.0,SG,21.0,88.0,-3.3,0.0,0.1,-0.021116666666666662,,2187992.309516465,,,,,,,,
TyTy Washington Jr.,LAC,24.0,PG,16.0,88.0,1.9,0.1,0.2,0.13135000000000002,,2969808.335201847,,,,,,,,
Curtis Jones,DEN,24.0,SG,10.0,88.0,-3.5,0.0,0.1,-0.02441666666666667,,2171070.624657949,,,,,,,,
Tristan Enaruna,CLE,24.0,SF,9.0,85.0,-1.0,0.0,0.2,0.050729166666666665,,2556402.1731722653,,,,,,,,
Koby Brea,PHO,23.0,SG,12.0,84.0,0.2,0.0,0.2,0.06981666666666668,,2654278.7367289094,,,,,,,,
Trey Jemison,NYK,26.0,C,13.0,82.0,-8.6,-0.1,0.0,-0.16555833333333334,,1447326.74473702,,,,,,,,
Josh Oduro,NOP,25.0,PF,3.0,82.0,-7.7,-0.1,0.2,-0.0850541666666667,,1860134.6653827147,,,,,,,,
Caleb Houstan,ATL,23.0,SF,18.0,75.0,0.3,0.0,0.2,0.07088541666666667,699440.0,2659759.0551205883,1960319.0551205883,ATL,,,,,,699440.0
Eric Gordon,PHI,37.0,SG,6.0,74.0,2.4,0.1,0.2,0.1333,2296274.0,2979807.5126182428,683533.5126182428,MEM,,,,,,2296274.0
Garrett Temple,TOR,39.0,SG,22.0,73.0,-4.9,-0.1,0.0,-0.10040208333333334,2296274.0,1781433.8747560175,-514840.12524398253,TOR,,,,,,2296274.0
David Roddy,DEN,24.0,PF,5.0,73.0,0.0,0.0,0.3,0.09999999999999999,,2809052.3290459435,,,,,,,,
Bobi Klintman,DET,22.0,SF,12.0,71.0,-8.7,-0.1,-0.1,-0.18248541666666665,1955377.0,1360528.329664139,-594848.6703358609,DET,,,,,,1955377.0
David Jones GarcÃ­a,SAS,24.0,SF,11.0,68.0,6.4,0.1,0.3,0.21493333333333334,,3398405.5552294147,,,,,,,,
Antonio Reeves,CHO,25.0,SG,10.0,68.0,1.3,0.1,0.2,0.11657500000000003,,2894045.337085309,,,,,,,,
Kadary Richmond,WAS,24.0,SG,3.0,67.0,3.6,0.1,0.2,0.14522500000000002,73153.0,3040956.3283569715,2967803.3283569715,WAS,,,,,,73153.0
Monte Morris,IND,30.0,PG,6.0,65.0,-5.9,-0.1,0.0,-0.10523958333333334,321184.0,1756628.22308842,1435444.22308842,IND,,,,,,321184.0
Drew Peterson,CHO,26.0,PF,6.0,64.0,-9.8,-0.1,-0.1,-0.1842666666666667,,1351394.4656780078,,,,,,,,
Payton Sandfort,OKC,23.0,SF,4.0,63.0,-5.8,-0.1,0.2,-0.03517916666666667,,2115882.8569943793,,,,,,,,
Wendell Moore Jr.,DET,24.0,SG,6.0,60.0,-1.3,0.0,0.1,0.018708333333333334,,2392206.279059012,,,,,,,,
DaQuan Jeffries,SAC,28.0,SG,3.0,60.0,-0.2,0.0,0.2,0.06441666666666666,,2626588.7069604285,,,,,,,,
Jahmir Young,MIA,25.0,PG,14.0,58.0,-6.7,-0.1,0.0,-0.10619583333333334,,1751724.7803169182,,,,,,,,
James Wiseman,IND,24.0,C,4.0,58.0,-9.0,-0.1,0.0,-0.13120833333333334,1131970.0,1623466.1007643016,491496.1007643016,IND,,,,,,1131970.0
Johni Broome,PHI,23.0,C,11.0,55.0,-16.2,-0.2,-0.2,-0.30039583333333336,1272870.0,755909.2653096956,-516960.7346903044,PHI,2150917.0,2525901.0,2735698.0,,,3423787.0
Cody Martin,IND,30.0,SF,4.0,55.0,-8.0,-0.1,-0.1,-0.14916666666666667,,1531379.6591731342,,,,,,,,
Lawson Lovering,MEM,22.0,C,2.0,49.0,-3.6,0.0,0.1,0.00025833333333333264,87784.0,2297598.6773500354,2209814.6773500354,MEM,,,,,,87784.0
Chris MaÃ±on,LAL,24.0,SG,9.0,46.0,0.1,0.0,0.1,0.034195833333333335,,2471622.8227700023,,,,,,,,
Mouhamadou Gueye,CHI,27.0,PF,2.0,45.0,-3.9,0.0,0.1,0.0004270833333333372,,2298463.9907803005,,,,,,,,
Zyon Pullin,MIN,24.0,SG,5.0,43.0,-1.1,0.0,0.2,0.05779791666666667,,2592649.1913067005,,,,,,,,
Isaiah Stevens,SAC,25.0,PG,3.0,43.0,2.2,0.0,0.1,0.05107083333333334,,2558154.1657965053,,,,,,,,
John Tonje,BOS,24.0,SG,6.0,42.0,-5.1,0.0,0.1,-0.006829166666666664,73153.0,2261255.513278904,2188102.513278904,BOS,,,,,,73153.0
Hunter Dickinson,NOP,25.0,C,5.0,42.0,-11.4,-0.1,-0.1,-0.15644166666666667,,1494075.0357350418,,,,,,,,
Dario Å ariÄ,SAC,31.0,C,5.0,41.0,-9.0,-0.1,-0.1,-0.1358541666666667,5426400.0,1599643.2742273752,-3826756.725772625,DET,,,,,,5426400.0
CJ Huntley,PHO,24.0,SF,4.0,40.0,-4.4,0.0,0.1,0.00033333333333333365,,2297983.26109682,,,,,,,,
Dillon Jones,NYK,24.0,SF,7.0,39.0,-2.6,0.0,0.1,0.014320833333333333,2753280.0,2369708.1298721214,-383571.8701278786,WAS,,,,,,2753280.0
Olivier Sarr,CLE,26.0,C,4.0,39.0,2.6,0.0,0.2,0.08567916666666668,,2735618.1991738225,,,,,,,,
Skal LabissiÃ¨re,WAS,29.0,PF,3.0,38.0,0.3,0.0,0.1,0.03547083333333333,131970.0,2478160.7464653384,2346190.7464653384,WAS,,,,,,131970.0
Enrique Freeman,MIN,25.0,PF,4.0,37.0,0.0,0.0,0.1,0.03333333333333333,,2467200.109681981,,,,,,,,
Max Shulga,BOS,23.0,SG,11.0,36.0,-11.5,-0.1,0.0,-0.11095833333333334,,1727303.7123961053,,,,,,,,
Markelle Fultz,TOR,27.0,PG,5.0,36.0,-16.3,-0.1,-0.2,-0.21002500000000004,,1219311.3144212568,,,,,,,,
Rocco Zikarsky,MIN,19.0,C,5.0,36.0,2.4,0.0,0.2,0.08286666666666667,,2721196.308669405,,,,,,,,
Grant Nelson,BRK,23.0,PF,4.0,35.0,2.2,0.0,0.1,0.04777083333333334,73153.0,2541232.4809379894,2468079.4809379894,BRK,,,,,,73153.0
Emanuel Miller,CHI,25.0,PF,5.0,33.0,2.5,0.0,0.1,0.048802083333333336,,2546520.5074562756,,,,,,,,
Jahmyl Telfort,LAC,24.0,PF,8.0,32.0,-13.8,-0.1,-0.1,-0.14946666666666666,,1529841.3241859963,,,,,,,,
Sean Pedulla,LAC,23.0,PG,7.0,31.0,-11.8,-0.1,0.0,-0.10192083333333335,,1773646.0538836322,,,,,,,,
Harrison Ingram,SAS,23.0,SF,7.0,26.0,2.3,0.0,0.1,0.04454583333333334,,2524695.3798262575,,,,,,,,
Hunter Sallis,PHI,22.0,SG,7.0,26.0,-10.6,-0.1,-0.1,-0.11834166666666668,,1689443.5791015462,,,,,,,,
Mark Sears,MIL,23.0,PG,7.0,26.0,-2.2,0.0,0.0,-0.010725,,2241278.5242098225,,,,,,,,
Orlando Robinson,ORL,25.0,C,4.0,25.0,1.4,0.0,0.1,0.03989583333333333,,2500851.187525621,,,,,,,,
Hayden Gray,UTA,22.0,SG,1.0,25.0,-5.3,0.0,0.0,-0.02484375,,2168880.6338776485,,,,,,,,
Vladislav Goldin,MIA,24.0,C,9.0,24.0,-0.5,0.0,0.1,0.031083333333333334,,2455662.5972784474,,,,,,,,
Norchad Omier,LAC,24.0,PF,6.0,24.0,6.0,0.0,0.2,0.09366666666666668,,2776576.3682063674,,,,,,,,
Alex Morales,ORL,28.0,PG,4.0,24.0,-16.0,-0.1,-0.1,-0.1386666666666667,,1585221.3837229582,,,,,,,,
Jayson Kent,POR,23.0,SF,5.0,22.0,4.2,0.0,0.1,0.05065833333333333,,2556038.955189191,,,,,,,,
Alex Antetokounmpo,MIL,24.0,SF,6.0,21.0,5.4,0.0,0.1,0.05459583333333334,,2576229.601895375,,,,,,,,
Colin Castleton,ORL,25.0,C,4.0,21.0,-7.7,0.0,0.0,-0.030318750000000005,,2140806.0203623828,,,,,,,,
Brandon Clarke,MEM,29.0,PF,2.0,20.0,-4.9,0.0,0.0,-0.018375,12500000.0,2202050.982037808,-10297949.017962191,MEM,12500000.0,,,,,25000000.0
Jacob Toppin,ATL,25.0,SF,5.0,17.0,0.5,0.0,0.0,0.00159375,,2304446.40461917,,,,,,,,
Chris Livingston,CLE,22.0,SF,3.0,17.0,-2.7,0.0,0.1,0.024727083333333334,,2423069.1247384646,,MIL,,,,,,2296274.0
Trevor Keels,MIA,22.0,SG,8.0,15.0,-14.5,0.0,-0.1,-0.07411458333333333,,1916230.4780039699,,,,,,,,
Buddy Boeheim,OKC,26.0,SF,4.0,15.0,-8.4,0.0,0.0,-0.023625000000000004,,2175130.1197628956,,,,,,,,
N'Faly Dante,ATL,24.0,C,4.0,15.0,-4.5,0.0,0.0,-0.01265625,2048494.0,2231375.492730123,182881.492730123,ATL,,,,,,
Chucky Hepburn,TOR,22.0,PG,2.0,13.0,-23.8,-0.1,-0.1,-0.12467916666666667,,1656946.2524982598,,,,,,,,
Tristen Newton,HOU,24.0,SG,1.0,12.0,8.4,0.0,0.1,0.05223333333333333,,2564115.2138716644,,,,,,,,
Tosan Evbuomwan,NYK,24.0,SF,5.0,8.0,-11.5,0.0,0.0,-0.017249999999999998,,2207819.7382395747,,,,,,,,
Stanley Umude,SAS,26.0,SG,2.0,7.0,0.4,0.0,0.0,0.0005250000000000001,,2298966.086227491,,,,,,,,
Colby Jones,DET,23.0,SG,1.0,7.0,2.4,0.0,0.0,0.00315,,2312426.517364947,,,,,,,,
Noa Essengue,CHI,19.0,PF,2.0,6.0,-23.7,0.0,-0.1,-0.05999583333333334,5429520.0,1988628.3683361441,-3440891.631663856,CHI,5701200.0,5972760.0,8230464.0,,,11130720.0
Trentyn Flowers,CHI,20.0,SF,2.0,6.0,-1.0,0.0,0.0,-0.0011250000000000001,,2290505.243798233,,,,,,,,
Darius Brown II,CLE,26.0,SG,1.0,3.0,-18.7,0.0,0.0,-0.010518749999999999,,2242336.12951348,,,,,,,,
League Average,,,,,,,,,0.0,,2296274.0,,,,,,,,
