Player,Tm,Age,MP,WA_z,bucket,salary_25,years,npv,tier,multiplier,npv_effective
James Harden,2TM,36,2438.0,1.9839577315454218,max,39182693.0,2,-60594815.131373785,,1.0,-60594815.131373785
CJ McCollum,2TM,34,2264.0,0.05839696062275269,open_negotiation,30666666.0,1,-28129040.12546163,,1.0,-28129040.12546163
Ayo Dosunmu,2TM,26,1881.0,0.5480020030587213,open_negotiation,7518518.0,1,-2957377.656297324,,1.0,-2957377.656297324
Nikola VuÄeviÄ,2TM,35,1818.0,0.5545738828229626,open_negotiation,21481481.0,1,-16893179.38825485,,1.0,-16893179.38825485
Dennis SchrÃ¶der,2TM,32,1697.0,-0.6760106030312003,open_negotiation,14104000.0,3,-42833155.89391339,,1.0,-42833155.89391339
Luke Kennard,2TM,29,1681.0,0.2604822633731692,open_negotiation,11000000.0,1,-7627165.133155558,,1.0,-7627165.133155558
Bennedict Mathurin,2TM,23,1620.0,-0.6217925949762105,rookie_scale,9187573.0,1,-9461138.367857683,,1.0,-9461138.367857683
Collin Sexton,2TM,27,1614.0,0.25062444372680764,open_negotiation,18975000.0,1,-15642907.035219269,,1.0,-15642907.035219269
Kevin Huerter,2TM,27,1549.0,-0.20119229006477435,open_negotiation,17991071.0,1,-16526315.213139351,,1.0,-16526315.213139351
Jock Landale,2TM,30,1506.0,0.056753990681692276,min,2296274.0,1,234561.55752774933,,1.0,234561.55752774933
Keon Ellis,2TM,26,1478.0,-0.25048138829658323,min,2301587.0,1,-1040540.7234579064,,1.0,-1040540.7234579064
Jaren Jackson Jr.,2TM,26,1454.0,-0.4262791719900351,open_negotiation,35000000.0,5,-213585185.57608736,,1.0,-213585185.57608736
Ivica Zubac,2TM,28,1446.0,0.07811259991547627,open_negotiation,18893980.0,3,-50583044.529544346,,1.0,-50583044.529544346
Khris Middleton,2TM,34,1439.0,-1.2280485032274604,open_negotiation,33296296.0,1,-36075488.3447759,,1.0,-36075488.3447759
Walter Clayton,2TM,22,1410.0,-1.1836883148188324,rookie_scale,3991320.0,4,-28585175.32560064,,1.0,-28585175.32560064
VÃ­t KrejÄÃ­,2TM,25,1392.0,-0.35727443446550267,min,2349578.0,3,-5258995.382628506,,1.0,-5258995.382628506
Anfernee Simons,2TM,26,1372.0,-0.09111330401373442,open_negotiation,27678571.0,1,-25758863.973427914,,1.0,-25758863.973427914
Jose Alvarado,2TM,27,1370.0,-0.38356195352246736,open_negotiation,4500000.0,2,-7351761.517975323,,1.0,-7351761.517975323
Darius Garland,2TM,26,1344.0,-0.18476259065417128,max,39446090.0,3,-115900961.27300578,,1.0,-115900961.27300578
Coby White,2TM,25,1249.0,-0.4607815407523014,open_negotiation,12888889.0,1,-12497003.300817072,,1.0,-12497003.300817072
Marvin Bagley III,2TM,26,1201.0,0.10111417909032039,min,2296274.0,1,417900.1168144485,,1.0,417900.1168144485
De'Andre Hunter,2TM,28,1176.0,-0.9635303427167524,open_negotiation,23303571.0,2,-50161654.92668242,,1.0,-50161654.92668242
Jared McCain,2TM,21,1160.0,-0.6760106030312003,rookie_scale,4221360.0,3,-16671220.687179815,,1.0,-16671220.687179815
Taylor Hendricks,2TM,22,1118.0,-0.7417294006736123,rookie_scale,6127080.0,2,-15225353.625136739,,1.0,-15225353.625136739
John Konchar,2TM,29,1115.0,-0.1289016126581212,open_negotiation,6165000.0,2,-8565771.952316817,,1.0,-8565771.952316817
Ousmane Dieng,2TM,22,1099.0,-1.0506077495929482,rookie_scale,6670882.0,1,-8716720.107629107,,1.0,-8716720.107629107
Corey Kispert,2TM,26,1080.0,-0.5823613163907634,open_negotiation,13975000.0,4,-50529543.61540829,,1.0,-50529543.61540829
Rayan Rupert,2TM,21,1072.0,-1.1343992165870236,rookie_scale,2353647.0,1,-4745791.27517065,,1.0,-4745791.27517065
Guerschon Yabusele,2TM,30,1007.0,-0.6924403024418033,open_negotiation,5500000.0,1,-6065548.999314278,,1.0,-6065548.999314278
Tyus Jones,3TM,29,979.0,-0.7581591000842152,open_negotiation,7000000.0,1,-7837161.679739017,,1.0,-7837161.679739017
Ochai Agbaji,2TM,25,973.0,-0.9520295531293304,open_negotiation,6383525.0,1,-8021944.086991998,,1.0,-8021944.086991998
Rob Dillingham,2TM,21,970.0,-1.6355050486104141,rookie_scale,6576120.0,3,-35448017.50802584,,1.0,-35448017.50802584
Kobe Brown,2TM,26,963.0,-0.7532301902610344,min,2654880.0,2,-8783784.139583439,,1.0,-8783784.139583439
Isaiah Jackson,2TM,24,908.0,-0.3622033442886835,open_negotiation,7600000.0,3,-17842920.79581597,,1.0,-17842920.79581597
Jaden Hardy,2TM,23,898.0,-1.177116435054591,rookie_scale,6000000.0,3,-24879969.23199445,,1.0,-24879969.23199445
Cam Thomas,2TM,24,881.0,-1.254336022284425,open_negotiation,6837779.0,1,-9725616.4169458,,1.0,-9725616.4169458
Gabe Vincent,2TM,29,879.0,-1.0013186513611394,open_negotiation,11500000.0,1,-13342128.597310554,,1.0,-13342128.597310554
Jevon Carter,2TM,30,867.0,-0.6415082342689341,open_negotiation,7680524.0,1,-8035573.171985105,,1.0,-8035573.171985105
Kyle Anderson,3TM,32,853.0,-0.34413067493702026,open_negotiation,9219512.0,1,-8345513.79306316,,1.0,-8345513.79306316
Josh Minott,2TM,23,834.0,-0.040181235840865255,rookie_scale,2378870.0,2,-686354.9287320904,,1.0,-686354.9287320904
Jonathan Kuminga,2TM,23,830.0,-0.7137989116755872,open_negotiation,23799569.0,2,-48307662.67488167,,1.0,-48307662.67488167
Vince Williams Jr.,2TM,25,820.0,-0.772945829553758,min,2301587.0,1,-3199861.5328345844,,1.0,-3199861.5328345844
Buddy Hield,2TM,33,819.0,-0.6250785348583311,open_negotiation,9219512.0,3,-27423396.54104805,,1.0,-27423396.54104805
Tyrese Martin,2TM,26,777.0,-0.9947467715968981,min,2191897.0,1,-4006864.329268079,,1.0,-4006864.329268079
Kristaps PorziÅÄ£is,2TM,30,769.0,-0.1289016126581212,open_negotiation,30731707.0,1,-28968177.264672138,,1.0,-28968177.264672138
Leonard Miller,2TM,22,719.0,-0.5708605268033413,rookie_scale,2221677.0,2,-4761261.549525427,,1.0,-4761261.549525427
Nick Richards,2TM,28,701.0,-1.0900390281783954,open_negotiation,5000000.0,1,-7208805.715883951,,1.0,-7208805.715883951
Jaden Ivey,2TM,23,670.0,-0.5314292482178942,rookie_scale,10107163.0,1,-10007260.932273667,,1.0,-10007260.932273667
Dalen Terry,2TM,23,551.0,-0.7630880099073961,rookie_scale,5399118.0,1,-6256650.630770873,,1.0,-6256650.630770873
Trayce Jackson-Davis,2TM,25,496.0,-0.5593597372159193,min,2221677.0,2,-4543627.770458164,,1.0,-4543627.770458164
Amir Coffey,2TM,28,490.0,-0.7910184989054212,min,2296274.0,1,-3269242.0199513873,,1.0,-3269242.0199513873
Jeremy Sochan,2TM,22,469.0,-0.6365793244457533,rookie_scale,7874853.0,1,-8209531.22095325,,1.0,-8209531.22095325
AJ Johnson,2TM,21,454.0,-1.3808447077460682,rookie_scale,3090480.0,3,-22259600.063826293,,1.0,-22259600.063826293
Tony Bradley,2TM,28,450.0,-0.8633091763120743,min,3204816.0,1,-4476557.9684186,,1.0,-4476557.9684186
Julian Phillips,2TM,22,428.0,-0.8846677855458581,rookie_scale,2221677.0,2,-7362024.819798766,,1.0,-7362024.819798766
Trae Young,2TM,27,384.0,-0.4262791719900351,max,46394100.0,2,-91935341.47028992,,1.0,-91935341.47028992
Jeremiah Robinson-Earl,2TM,25,361.0,-0.9783170721862952,min,131970.0,1,-1879034.1591618946,,1.0,-1879034.1591618946
Christian Koloko,3TM,25,357.0,-0.9175271843670642,min,263940.0,1,-1759762.4297690107,,1.0,-1759762.4297690107
Xavier Tillman Sr.,2TM,27,183.0,-0.8288068075498081,min,2546675.0,1,-3675820.3111956124,,1.0,-3675820.3111956124
Mason Plumlee,2TM,35,172.0,-0.7515872203199742,min,3022108.0,1,-3832108.411696544,,1.0,-3832108.411696544
Charles Bassey,4TM,25,153.0,-0.67436763309014,min,263940.0,1,-754795.5121974745,,1.0,-754795.5121974745
Mac McClung,2TM,27,135.0,-0.922456094190245,min,164060.0,1,-1680253.3808008656,,1.0,-1680253.3808008656
Patrick Baldwin Jr.,3TM,23,102.0,-0.906026394779642,rookie_scale,263940.0,1,-1712230.2106946805,,1.0,-1712230.2106946805
Keshon Gilbert,2TM,22,74.0,-0.878095905781617,rookie_scale,73153.0,1,-1406007.821514167,,1.0,-1406007.821514167
Dalano Banton,2TM,26,62.0,-0.8945256051922199,min,263940.0,1,-1664697.991620351,,1.0,-1664697.991620351
Mo Bamba,2TM,27,44.0,-0.906026394779642,min,458711.0,1,-1907001.2106946805,,1.0,-1907001.2106946805
Isaac Jones,2TM,25,36.0,-0.922456094190245,min,1955377.0,1,-3471570.3808008656,,1.0,-3471570.3808008656
Amen Thompson,HOU,23,2953.0,2.322409539403843,rookie_scale,9690600.0,2,2146160.199749308,first_apron,2.3,4936168.459423409
Kevin Durant,HOU,37,2840.0,2.964810786358419,max,54708609.0,3,-104024692.7027762,first_apron,2.3,-239256793.21638522
Desmond Bane,ORL,27,2756.0,1.357986184001448,open_negotiation,36725670.0,4,-122977955.86674604,above_cap_below_tax,1.0,-122977955.86674604
Toumani Camara,POR,25,2731.0,0.22105098478772203,min,2221677.0,5,-59222667.82629921,above_cap_below_tax,1.0,-59222667.82629921
Jabari Smith Jr.,HOU,22,2705.0,0.6055059509958316,rookie_scale,12350392.0,6,-90944211.08118764,first_apron,2.3,-209171685.48673156
Mikal Bridges,NYK,29,2692.0,1.8558060761427184,open_negotiation,24900000.0,5,-116296664.48594853,first_apron,2.3,-267482328.3176816
Scottie Barnes,TOR,24,2681.0,2.266548561407793,max,38661750.0,5,-149200630.34921286,above_cap_below_tax,1.0,-149200630.34921286
Tyrese Maxey,PHI,25,2661.0,2.7249371749636158,max,37958760.0,4,-106405495.85900798,above_cap_below_tax,1.0,-106405495.85900798
Jamal Murray,DEN,28,2652.0,2.501493262979415,max,46394100.0,4,-148265168.23226795,above_cap_below_tax,1.0,-148265168.23226795
Derrick White,BOS,31,2625.0,1.8245896472625731,open_negotiation,28100000.0,4,-83858962.17308182,first_apron,2.3,-192875612.99808815
VJ Edgecombe,PHI,20,2623.0,0.2884127523711944,rookie_scale,11108880.0,4,-32898993.237926193,above_cap_below_tax,1.0,-32898993.237926193
Julius Randle,MIN,31,2610.0,1.357986184001448,open_negotiation,30864198.0,3,-73874369.54175939,first_apron,2.3,-169911049.9460466
Brandon Ingram,TOR,28,2604.0,0.6317934700527964,max,38095238.0,3,-100492583.20961332,above_cap_below_tax,1.0,-100492583.20961332
Nickeil Alexander-Walker,ATL,27,2603.0,1.0885391136675593,open_negotiation,15161800.0,4,-31973405.281767234,above_cap_below_tax,1.0,-31973405.281767234
Jalen Brunson,NYK,29,2590.0,2.0316038598361703,open_negotiation,34944001.0,4,-108035822.09874958,first_apron,2.3,-248482390.827124
Payton Pritchard,BOS,28,2556.0,1.7605138195612207,open_negotiation,7232143.0,3,4302265.736580892,first_apron,2.3,9895211.19413605
Kon Knueppel,CHO,20,2551.0,1.8114458877340904,rookie_scale,10015680.0,4,-886192.613409811,above_cap_below_tax,1.0,-886192.613409811
Jalen Johnson,ATL,24,2532.0,2.1285390863587277,open_negotiation,30000000.0,5,-85684684.75791743,above_cap_below_tax,1.0,-85684684.75791743
Dyson Daniels,ATL,22,2520.0,1.1378282118993681,rookie_scale,7707709.0,5,-63030787.624500595,above_cap_below_tax,1.0,-63030787.624500595
Paolo Banchero,ORL,23,2502.0,0.8749530213297209,open_negotiation,15334769.0,6,-190243663.94665343,above_cap_below_tax,1.0,-190243663.94665343
Donte DiVincenzo,MIN,29,2494.0,0.7303716665164143,open_negotiation,11990000.0,2,-13707694.806900501,first_apron,2.3,-31527698.05587115
Jaylen Brown,BOS,29,2443.0,1.7194395710347137,max,53142264.0,4,-186284432.00951737,first_apron,2.3,-428454193.62188995
DeMar DeRozan,SAC,36,2406.0,0.5299293337070581,open_negotiation,24570000.0,2,-40752904.92475326,above_cap_below_tax,1.0,-40752904.92475326
Alperen ÅengÃ¼n,HOU,23,2398.0,2.0776070181858586,open_negotiation,33944954.0,5,-116765609.4991917,first_apron,2.3,-268560901.8481409
Miles Bridges,CHO,27,2387.0,1.032678135671509,open_negotiation,25000000.0,2,-34046322.58610934,above_cap_below_tax,1.0,-34046322.58610934
Rudy Gobert,MIN,33,2380.0,1.3497713342961464,open_negotiation,35000000.0,3,-83816155.5606155,first_apron,2.3,-192777157.78941563
Ryan Rollins,MIL,23,2376.0,0.2571963234910487,rookie_scale,4000000.0,3,-1749440.8311240133,above_cap_below_tax,1.0,-1749440.8311240133
Bam Adebayo,MIA,28,2365.0,1.2380493783040465,max,37096620.0,4,-156939111.7205163,above_cap_below_tax,1.0,-156939111.7205163
Cooper Flagg,DAL,19,2344.0,0.6334364399938567,rookie_scale,13825920.0,4,-37216611.0994341,above_cap_below_tax,1.0,-37216611.0994341
Donovan Mitchell,CLE,29,2342.0,2.3322673590502045,max,46394100.0,3,-110343493.79467198,second_apron,3.1,-342064830.76348317
Trey Murphy III,NOP,25,2341.0,1.2610509574788904,open_negotiation,25000000.0,4,-76069807.70857324,above_cap_below_tax,1.0,-76069807.70857324
Brandin Podziemski,GSW,22,2333.0,0.5365012134712992,rookie_scale,3687960.0,2,-167366.7765389249,first_apron,2.8,-468626.97430898965
Karl-Anthony Towns,NYK,30,2322.0,2.057891378893135,max,53142264.0,3,-133671143.9015499,first_apron,2.3,-307443630.97356474
Jaden McDaniels,MIN,25,2316.0,0.4198503476560182,open_negotiation,24393104.0,4,-85568279.59526724,first_apron,2.3,-196807043.06911463
Onyeka Okongwu,ATL,25,2297.0,0.8174490733926102,open_negotiation,15000000.0,3,-29467236.32848244,above_cap_below_tax,1.0,-29467236.32848244
Luka DonÄiÄ,LAL,26,2289.0,3.610497973195116,max,45999660.0,4,-129720825.11351088,first_apron,2.8,-363218310.31783044
Wendell Carter Jr.,ORL,26,2288.0,0.4954269649447917,open_negotiation,10850000.0,4,-48023769.12505457,above_cap_below_tax,1.0,-48023769.12505457
Collin Gillespie,PHO,26,2282.0,1.2939103563000967,min,2296274.0,1,5347670.266523468,above_cap_below_tax,1.0,5347670.266523468
Bub Carrington,WAS,20,2271.0,-1.6535777179620776,rookie_scale,4677600.0,3,-31357134.195268407,above_cap_below_tax,1.0,-31357134.195268407
A.J. Green,MIL,26,2270.0,-0.8386646271961697,min,2301587.0,5,-46569102.9709577,above_cap_below_tax,1.0,-46569102.9709577
Julian Champagnie,SAS,24,2266.0,0.9833890374397002,min,3000000.0,2,6640116.5007066345,above_cap_below_tax,1.0,6640116.5007066345
Nikola JokiÄ,DEN,30,2265.0,5.651066639992006,max,55224526.0,3,-99796090.79002756,above_cap_below_tax,1.0,-99796090.79002756
Shai Gilgeous-Alexander,OKC,27,2259.0,5.079313100503023,max,38333050.0,6,-194260300.3526563,above_cap_below_tax,1.0,-194260300.3526563
Matas Buzelis,CHI,21,2248.0,-0.2291227790627994,rookie_scale,5455560.0,3,-14143823.256317042,above_cap_below_tax,1.0,-14143823.256317042
Saddiq Bey,NOP,26,2246.0,0.6301505001117361,open_negotiation,6118644.0,2,-2709478.8797747204,above_cap_below_tax,1.0,-2709478.8797747204
Max Christie,DAL,22,2244.0,-0.3014134564694525,rookie_scale,7714286.0,3,-20801536.60967491,above_cap_below_tax,1.0,-20801536.60967491
De'Aaron Fox,SAS,28,2231.0,1.2380493783040465,max,37096620.0,5,-202608581.86478043,above_cap_below_tax,1.0,-202608581.86478043
Immanuel Quickley,TOR,26,2231.0,1.2988392661232773,open_negotiation,32500000.0,4,-93086266.75814678,above_cap_below_tax,1.0,-93086266.75814678
Kris Dunn,LAC,31,2230.0,0.04525320109427029,open_negotiation,5426400.0,2,-6007534.462304332,taxpayer,2.0,-12015068.924608665
OG Anunoby,NYK,28,2224.0,1.1772594904848153,max,39568966.0,4,-137627682.67592135,first_apron,2.3,-316543670.1546191
Royce O'Neale,PHO,32,2213.0,0.5430730932355405,open_negotiation,10125000.0,3,-18741219.83458511,above_cap_below_tax,1.0,-18741219.83458511
Quentin Grimes,PHI,25,2206.0,-0.19790635018265368,open_negotiation,8741209.0,1,-7262872.579118115,above_cap_below_tax,1.0,-7262872.579118115
Deni Avdija,POR,25,2199.0,1.8245896472625731,open_negotiation,14375000.0,3,-9585733.698824896,above_cap_below_tax,1.0,-9585733.698824896
Naji Marshall,DAL,28,2184.0,0.18326267614333527,open_negotiation,9000000.0,2,-12047681.491029881,above_cap_below_tax,1.0,-12047681.491029881
Cade Cunningham,DET,24,2172.0,2.4604190144529077,max,46394100.0,5,-186035039.71067,above_cap_below_tax,1.0,-186035039.71067
Reed Sheppard,HOU,21,2147.0,1.2002610696596596,rookie_scale,10603560.0,3,-11994927.198734667,first_apron,2.3,-27588332.55708973
Devin Booker,PHO,29,2146.0,1.2101188893060215,max,53142264.0,5,-244746590.33778685,above_cap_below_tax,1.0,-244746590.33778685
Anthony Edwards,MIN,24,2137.0,1.7424411502095578,max,45550512.0,4,-151975138.90025192,first_apron,2.3,-349542819.4705794
Tim Hardaway Jr.,DEN,33,2127.0,0.15533218714531022,min,2296274.0,1,641980.5781648587,above_cap_below_tax,1.0,641980.5781648587
Jaime Jaquez Jr.,MIA,24,2121.0,0.2999135419586165,open_negotiation,3861600.0,2,-2590599.453861565,above_cap_below_tax,1.0,-2590599.453861565
Duncan Robinson,DET,31,2113.0,0.7895185843945851,open_negotiation,16834692.0,3,-30728967.12829117,above_cap_below_tax,1.0,-30728967.12829117
Jeremiah Fears,NOP,19,2112.0,-0.9569584629525113,rookie_scale,7520040.0,4,-41571194.13598785,above_cap_below_tax,1.0,-41571194.13598785
Donovan Clingan,POR,21,2094.0,1.688223142154568,rookie_scale,7178400.0,3,5166081.966782488,above_cap_below_tax,1.0,5166081.966782488
Kawhi Leonard,LAC,34,2085.0,2.984526425651142,max,50000000.0,2,-71193996.99685848,taxpayer,2.0,-142387993.99371696
Evan Mobley,CLE,24,2074.0,1.3431994545319053,max,46394100.0,5,-207163975.39849365,second_apron,3.1,-642208323.7353303
Andrew Wiggins,MIA,30,2063.0,0.6317934700527964,open_negotiation,28223215.0,2,-47546509.77599408,above_cap_below_tax,1.0,-47546509.77599408
Jake LaRavia,LAL,24,2061.0,-0.07632657454419177,open_negotiation,6000000.0,2,-7853101.98654454,first_apron,2.8,-21988685.56232471
Pascal Siakam,IND,31,2057.0,0.17011891661485287,max,45550512.0,3,-131181429.98547345,above_cap_below_tax,1.0,-131181429.98547345
Cason Wallace,OKC,22,2046.0,0.7303716665164143,rookie_scale,5820240.0,2,-2351318.219137445,above_cap_below_tax,1.0,-2351318.219137445
Devin Vassell,SAS,25,2044.0,0.5036418146500933,open_negotiation,27000000.0,4,-82189311.68302092,above_cap_below_tax,1.0,-82189311.68302092
Stephon Castle,SAS,21,2038.0,0.9620304282059162,rookie_scale,9560520.0,3,-11715424.901453424,above_cap_below_tax,1.0,-11715424.901453424
Derik Queen,NOP,21,2023.0,-0.16833289124356837,rookie_scale,5157960.0,4,-16789054.734431066,above_cap_below_tax,1.0,-16789054.734431066
LaMelo Ball,CHO,24,2017.0,1.6487918635691206,max,37958760.0,4,-122155282.84226882,above_cap_below_tax,1.0,-122155282.84226882
Naz Reid,MIN,26,2007.0,0.4444948967719227,open_negotiation,21551724.0,5,-94502304.49418917,first_apron,2.3,-217355300.33663508
Davion Mitchell,MIA,27,2000.0,0.09454229932607919,open_negotiation,11600000.0,2,-18174727.83923082,above_cap_below_tax,1.0,-18174727.83923082
Bruce Brown,DEN,29,1998.0,-0.49035499969138674,min,2296274.0,1,-2026614.0070082047,above_cap_below_tax,1.0,-2026614.0070082047
Chet Holmgren,OKC,23,1997.0,1.9921725812507227,rookie_scale,13731368.0,6,-163264594.77385175,above_cap_below_tax,1.0,-163264594.77385175
Josh Hart,NYK,30,1994.0,1.2331204684808654,open_negotiation,19472240.0,3,-39581374.03356174,first_apron,2.3,-91037160.27719198
LeBron James,LAL,41,1989.0,1.251193137832529,max,52627153.0,1,-45159756.975752614,first_apron,2.8,-126447319.53210731
Ace Bailey,UTA,19,1988.0,-1.4268478660957564,rookie_scale,9069840.0,4,-57145953.790746845,above_cap_below_tax,1.0,-57145953.790746845
Harrison Barnes,SAS,33,1986.0,0.35413155001360624,open_negotiation,19000000.0,1,-15240117.063550305,above_cap_below_tax,1.0,-15240117.063550305
Jalen Duren,DET,22,1976.0,2.481777623686692,rookie_scale,6483144.0,1,6070199.465200631,above_cap_below_tax,1.0,6070199.465200631
Brandon Miller,CHO,23,1968.0,0.6597239590508215,rookie_scale,11968800.0,2,-16465575.901664251,above_cap_below_tax,1.0,-16465575.901664251
Maxime Raynaud,SAC,22,1964.0,-0.3753471038171659,rookie_scale,1272870.0,3,-3689370.8111390476,above_cap_below_tax,1.0,-3689370.8111390476
Deandre Ayton,LAL,27,1958.0,0.4067065881275358,open_negotiation,33654814.0,2,-33656463.066821955,first_apron,2.8,-94238096.58710147
Jarace Walker,IND,22,1953.0,-0.8846677855458581,rookie_scale,6665520.0,2,-17589045.915036857,above_cap_below_tax,1.0,-17589045.915036857
Sam Hauser,BOS,28,1934.0,0.5200715140606963,open_negotiation,10044644.0,4,-25709920.666531384,first_apron,2.3,-59132817.53302218
Rui Hachimura,LAL,27,1927.0,-0.39670571305094976,open_negotiation,18259259.0,1,-17602550.937402952,first_apron,2.8,-49287142.62472826
Neemias Queta,BOS,26,1926.0,1.6652215629797238,min,2349578.0,2,12964015.141222302,first_apron,2.3,29817234.82481129
Nic Claxton,BRK,26,1920.0,0.5315723036481184,open_negotiation,25352272.0,3,-53646434.177327596,below_cap,0.5,-26823217.088663798
Myles Turner,MIL,29,1912.0,-0.1634039814203876,open_negotiation,25318251.0,4,-94791358.01525807,above_cap_below_tax,1.0,-94791358.01525807
Keldon Johnson,SAS,26,1911.0,0.794447494217766,open_negotiation,17500000.0,2,-23304260.90818789,above_cap_below_tax,1.0,-23304260.90818789
Anthony Black,ORL,22,1910.0,-0.14040240224554332,rookie_scale,7970280.0,2,-14275764.451533923,above_cap_below_tax,1.0,-14275764.451533923
Tristan Da Silva,ORL,24,1899.0,-0.025394506371322602,open_negotiation,3809520.0,3,-6916532.760638427,above_cap_below_tax,1.0,-6916532.760638427
Moussa DiabatÃ©,CHO,24,1899.0,1.136185241958308,min,2270735.0,2,9127476.436520703,above_cap_below_tax,1.0,9127476.436520703
Ausar Thompson,DET,23,1896.0,1.1230414824298254,rookie_scale,8775000.0,2,-5678773.212384604,above_cap_below_tax,1.0,-5678773.212384604
Nique Clifford,SAC,23,1882.0,-1.5977167399660273,rookie_scale,3108120.0,4,-31332497.896857508,above_cap_below_tax,1.0,-31332497.896857508
John Collins,LAC,28,1872.0,0.18819158596651606,open_negotiation,26580000.0,1,-23505939.081622772,taxpayer,2.0,-47011878.163245544
Draymond Green,GSW,35,1869.0,-0.4657104505754823,open_negotiation,25892857.0,2,-51184355.48244631,first_apron,2.8,-143316195.35084966
Victor Wembanyama,SAS,22,1866.0,3.426485339796363,rookie_scale,13376880.0,2,3439257.501852234,above_cap_below_tax,1.0,3439257.501852234
Russell Westbrook,SAC,37,1853.0,-0.5018557892788088,min,2296274.0,1,-2074146.2260825343,above_cap_below_tax,1.0,-2074146.2260825343
Jamal Shead,TOR,23,1852.0,-0.4788542101039646,rookie_scale,1955377.0,2,-3582542.985603247,above_cap_below_tax,1.0,-3582542.985603247
Pelle Larsson,MIA,24,1849.0,-0.027037476312382864,min,1955377.0,2,120559.90212051859,above_cap_below_tax,1.0,120559.90212051859
Luguentz Dort,OKC,26,1849.0,-0.3852049234635277,open_negotiation,18222222.0,2,-34186611.605133705,above_cap_below_tax,1.0,-34186611.605133705
Sion James,CHO,23,1843.0,-0.3687752240529247,rookie_scale,2296274.0,4,-6559826.923112432,above_cap_below_tax,1.0,-6559826.923112432
Zion Williamson,NOP,25,1841.0,1.1444000916636092,max,39446090.0,3,-100271049.53032568,above_cap_below_tax,1.0,-100271049.53032568
Jaylen Wells,MEM,22,1821.0,-0.8370216572551096,rookie_scale,1955377.0,3,-10185797.66781012,above_cap_below_tax,1.0,-10185797.66781012
Oso Ighodaro,PHO,23,1808.0,0.29334166219437535,rookie_scale,1955377.0,3,3728904.360409977,above_cap_below_tax,1.0,3728904.360409977
Kyle Kuzma,MIL,30,1806.0,-0.6102918053887885,open_negotiation,22410605.0,2,-42062574.27414134,above_cap_below_tax,1.0,-42062574.27414134
Kyle Filipowski,UTA,22,1801.0,-0.19133447041841262,rookie_scale,3000000.0,3,-4378991.729218328,above_cap_below_tax,1.0,-4378991.729218328
Andrew Nembhard,IND,26,1786.0,-0.15190319183296544,open_negotiation,18102000.0,3,-50967711.393333435,above_cap_below_tax,1.0,-50967711.393333435
Keyonte George,UTA,22,1786.0,0.24076662408044577,rookie_scale,4278960.0,2,-4051696.44037169,above_cap_below_tax,1.0,-4051696.44037169
Noah Clowney,BRK,21,1780.0,-0.9635303427167524,rookie_scale,3398640.0,2,-12216491.393708251,below_cap,0.5,-6108245.696854126
Jaylon Tyson,CLE,23,1777.0,0.17833376632015432,rookie_scale,3492480.0,3,-3362973.5120549025,second_apron,3.1,-10425217.887370199
Marcus Smart,LAL,31,1769.0,-0.5938621059781855,open_negotiation,19920855.0,2,-25161576.400453895,first_apron,2.8,-70452413.9212709
Brice Sensabaugh,UTA,22,1762.0,-0.8304497774908683,rookie_scale,2693760.0,2,-9723839.381429426,above_cap_below_tax,1.0,-9723839.381429426
Austin Reaves,LAL,27,1762.0,0.9735312177933383,open_negotiation,13937574.0,2,-15904293.516420398,first_apron,2.8,-44532021.84597711
Tre Jones,CHI,26,1752.0,0.7237997867521732,open_negotiation,8000000.0,3,-7892589.148818029,above_cap_below_tax,1.0,-7892589.148818029
Sandro Mamukelashvili,TOR,26,1751.0,1.0721094142569565,min,2461463.0,2,7962546.275222423,above_cap_below_tax,1.0,7962546.275222423
Tobias Harris,DET,33,1746.0,0.6580809891097615,open_negotiation,26634146.0,1,-21618054.416585885,above_cap_below_tax,1.0,-21618054.416585885
Precious Achiuwa,SAC,26,1745.0,-0.3129142460568746,min,2111516.0,1,-1108501.769861409,above_cap_below_tax,1.0,-1108501.769861409
P.J. Washington,DAL,27,1736.0,-0.5100706389841103,open_negotiation,14152174.0,5,-90908882.29523048,above_cap_below_tax,1.0,-90908882.29523048
Josh Giddey,CHI,23,1731.0,0.5348582435302391,open_negotiation,25000000.0,4,-76028687.2058848,above_cap_below_tax,1.0,-76028687.2058848
RJ Barrett,TOR,25,1726.0,0.22269395472878245,open_negotiation,27705357.0,2,-49630997.92382814,above_cap_below_tax,1.0,-49630997.92382814
Jay Huff,IND,27,1719.0,0.13561654785258678,min,2349578.0,3,500379.9064446656,above_cap_below_tax,1.0,500379.9064446656
Norman Powell,MIA,32,1717.0,0.4444948967719227,open_negotiation,20482758.0,1,-16349407.627966288,above_cap_below_tax,1.0,-16349407.627966288
Cam Spencer,MEM,25,1714.0,0.7911615543356454,min,2537989.0,4,10928365.004798757,above_cap_below_tax,1.0,10928365.004798757
Kel'el Ware,MIA,21,1704.0,0.9390288490310722,rookie_scale,4443360.0,3,3232752.65775237,above_cap_below_tax,1.0,3232752.65775237
Dillon Brooks,PHO,30,1702.0,-0.5774324065675825,open_negotiation,21124110.0,2,-40184210.66181947,above_cap_below_tax,1.0,-40184210.66181947
Isaac Okoro,CHI,25,1695.0,-0.8715240260173758,open_negotiation,11000000.0,2,-24801415.032968543,above_cap_below_tax,1.0,-24801415.032968543
Jerami Grant,POR,31,1695.0,0.17833376632015432,open_negotiation,32000001.0,3,-89117338.44185673,above_cap_below_tax,1.0,-89117338.44185673
Dominick Barlow,PHI,22,1689.0,-0.0598968751335887,rookie_scale,3415000.0,2,-2680591.027173098,above_cap_below_tax,1.0,-2680591.027173098
Michael Porter Jr.,BRK,27,1689.0,0.5299293337070581,max,38333050.0,2,-68500005.06518185,below_cap,0.5,-34250002.532590926
Cameron Johnson,DEN,29,1647.0,-0.004035897137538606,open_negotiation,21057065.0,2,-38569851.78213705,above_cap_below_tax,1.0,-38569851.78213705
Brook Lopez,LAC,37,1635.0,-0.27841187729460837,open_negotiation,8750000.0,2,-15015876.691849545,taxpayer,2.0,-30031753.38369909
Will Riley,WAS,19,1633.0,-1.2559789922254856,rookie_scale,3512520.0,4,-31581777.340423472,above_cap_below_tax,1.0,-31581777.340423472
Cody Williams,UTA,21,1631.0,-1.5270690325004348,rookie_scale,5742480.0,3,-31403022.96935461,above_cap_below_tax,1.0,-31403022.96935461
Bobby Portis,MIL,30,1619.0,-0.06318281501570937,open_negotiation,13445754.0,3,-35550827.05561132,above_cap_below_tax,1.0,-35550827.05561132
Cedric Coward,MEM,22,1598.0,-0.1568321016561464,rookie_scale,5715120.0,4,-18352135.259122983,above_cap_below_tax,1.0,-18352135.259122983
Peyton Watson,DEN,23,1598.0,-0.31784315588005546,rookie_scale,4356476.0,1,-3373832.7208932643,above_cap_below_tax,1.0,-3373832.7208932643
Herbert Jones,NOP,27,1588.0,-0.9848889519505364,open_negotiation,13937574.0,5,-93063353.06337085,above_cap_below_tax,1.0,-93063353.06337085
Jalen Suggs,ORL,24,1574.0,0.3639893696599681,open_negotiation,35000000.0,5,-120499678.37119718,above_cap_below_tax,1.0,-120499678.37119718
Kelly Oubre Jr.,PHI,30,1574.0,-0.34577364487808054,open_negotiation,8382150.0,1,-7514942.110073779,above_cap_below_tax,1.0,-7514942.110073779
Jordan Goodwin,PHO,27,1572.0,0.4280651973613198,min,2349578.0,1,1715869.2019275273,above_cap_below_tax,1.0,1715869.2019275273
Jrue Holiday,POR,35,1560.0,0.4231362875381387,open_negotiation,32400000.0,3,-88591891.18009557,above_cap_below_tax,1.0,-88591891.18009557
Dylan Harper,SAS,19,1558.0,0.3886339187758726,rookie_scale,12370320.0,4,-35854370.06588176,above_cap_below_tax,1.0,-35854370.06588176
Ron Holland,DET,20,1551.0,-0.41806432228473367,rookie_scale,8657280.0,3,-26712800.806702603,above_cap_below_tax,1.0,-26712800.806702603
Tari Eason,HOU,24,1549.0,-0.3129142460568746,open_negotiation,5675766.0,1,-4672751.769861409,first_apron,2.3,-10747329.07068124
Moses Moody,GSW,23,1540.0,-0.05825390519252844,rookie_scale,11574075.0,3,-29797724.74078861,first_apron,2.8,-83433629.2742081
Terance Mann,BRK,29,1529.0,-0.8485224468425316,open_negotiation,15500000.0,3,-47674224.45719354,below_cap,0.5,-23837112.22859677
Jarrett Allen,CLE,27,1519.0,0.9718882478522783,open_negotiation,20000000.0,4,-79441780.7494894,second_apron,3.1,-246269520.32341713
Isaiah Collier,UTA,21,1517.0,-0.6875113926186224,rookie_scale,2638200.0,3,-12027160.977871703,above_cap_below_tax,1.0,-12027160.977871703
Isaiah Joe,OKC,26,1507.0,0.7796607647482233,open_negotiation,12362338.0,3,-17784179.88852242,above_cap_below_tax,1.0,-17784179.88852242
Zaccharie Risacher,ATL,20,1503.0,-0.5889331961550046,rookie_scale,13197720.0,3,-43446913.41626133,above_cap_below_tax,1.0,-43446913.41626133
Klay Thompson,DAL,35,1497.0,-0.7072270319113461,open_negotiation,16666667.0,2,-33997070.1667746,above_cap_below_tax,1.0,-33997070.1667746
Ryan Kalkbrenner,CHO,24,1479.0,0.6794395983435452,min,2296274.0,4,9889315.384593006,above_cap_below_tax,1.0,9889315.384593006
Ja'Kobe Walter,TOR,21,1474.0,-0.004035897137538606,rookie_scale,3638160.0,3,-6078518.7980300905,above_cap_below_tax,1.0,-6078518.7980300905
Patrick Williams,CHI,24,1474.0,-1.2937673008698722,open_negotiation,18000000.0,4,-78627407.4791103,above_cap_below_tax,1.0,-78627407.4791103
Ajay Mitchell,OKC,23,1473.0,0.5315723036481184,rookie_scale,3000000.0,3,4719643.087645691,above_cap_below_tax,1.0,4719643.087645691
Shaedon Sharpe,POR,22,1471.0,-0.5757894366265223,rookie_scale,8399983.0,5,-88979558.4630754,above_cap_below_tax,1.0,-88979558.4630754
Bilal Coulibaly,WAS,21,1468.0,-0.7581591000842152,rookie_scale,7275600.0,2,-18001213.79561023,above_cap_below_tax,1.0,-18001213.79561023
Grayson Allen,PHO,30,1467.0,0.4280651973613198,open_negotiation,16875000.0,3,-40441802.224229604,above_cap_below_tax,1.0,-40441802.224229604
Brandon Williams,DAL,26,1463.0,-0.0681117248388903,min,2270735.0,1,-255963.53527925513,above_cap_below_tax,1.0,-255963.53527925513
Daniss Jenkins,DET,24,1455.0,-0.1798336808309905,open_negotiation,3809524.0,2,-4601387.747979263,above_cap_below_tax,1.0,-4601387.747979263
Javonte Green,DET,32,1446.0,0.5595027926461434,min,2296274.0,1,2312398.562777005,above_cap_below_tax,1.0,2312398.562777005
Tre Johnson,WAS,19,1443.0,-1.4810658741507465,rookie_scale,8237640.0,4,-54706850.90639381,above_cap_below_tax,1.0,-54706850.90639381
Lauri Markkanen,UTA,28,1443.0,0.4067065881275358,max,46394100.0,4,-167378946.98959035,above_cap_below_tax,1.0,-167378946.98959035
Sidy Cissoko,POR,21,1435.0,-0.9750311323041745,rookie_scale,686243.0,2,-6823957.573487454,above_cap_below_tax,1.0,-6823957.573487454
Luke Kornet,SAS,30,1430.0,1.1427571217225492,open_negotiation,11000000.0,4,-13809626.27502726,above_cap_below_tax,1.0,-13809626.27502726
Baylor Scheierman,BOS,25,1429.0,0.1454743674989485,min,2619000.0,3,-1445157.5286640744,first_apron,2.3,-3323862.315927371
Spencer Jones,DEN,24,1417.0,-0.49528390951456763,min,623967.0,1,-374677.95804006024,above_cap_below_tax,1.0,-374677.95804006024
Mark Williams,PHO,24,1416.0,0.778017794807163,open_negotiation,6276531.0,1,-764746.274810737,above_cap_below_tax,1.0,-764746.274810737
Aaron Wiggins,OKC,27,1414.0,-0.35563146452444233,open_negotiation,10102803.0,4,-30299427.362509362,above_cap_below_tax,1.0,-30299427.362509362
Christian Braun,DEN,24,1399.0,-0.25212435823764356,open_negotiation,4921797.0,6,-105727781.7167562,above_cap_below_tax,1.0,-105727781.7167562
Gui Santos,GSW,23,1395.0,-0.21269307965219633,rookie_scale,2221677.0,1,-804453.4322136808,first_apron,2.8,-2252469.610198306
Kyshawn George,WAS,22,1391.0,-0.646437144092115,rookie_scale,2966760.0,3,-12287518.89677966,above_cap_below_tax,1.0,-12287518.89677966
Ben Sheppard,IND,24,1390.0,-0.8255208676676874,min,2790720.0,2,-9827106.61806298,above_cap_below_tax,1.0,-9827106.61806298
Justin Champagnie,WAS,24,1377.0,-0.1026140936011564,min,2349578.0,3,-2278954.911350498,above_cap_below_tax,1.0,-2278954.911350498
Will Richard,GSW,23,1377.0,-0.4229932321079145,rookie_scale,1272870.0,4,-6150570.601811783,first_apron,2.8,-17221597.685072992
Gary Trent Jr.,MIL,27,1377.0,-1.4268478660957564,open_negotiation,3697105.0,2,-14254193.192178883,above_cap_below_tax,1.0,-14254193.192178883
Sam Merrill,CLE,29,1377.0,0.04032429127108936,open_negotiation,8482144.0,4,-26101634.7224416,second_apron,3.1,-80915067.63956895
Malik Monk,SAC,27,1364.0,-0.6250785348583311,open_negotiation,18797619.0,3,-58182970.231611684,above_cap_below_tax,1.0,-58182970.231611684
Ryan Dunn,PHO,23,1355.0,-0.2734829674714274,rookie_scale,2657760.0,3,-6621673.309857879,above_cap_below_tax,1.0,-6621673.309857879
Josh Okogie,HOU,27,1354.0,-0.3014134564694525,min,2296274.0,1,-1245727.5507870794,first_apron,2.3,-2865173.366810282
Kobe Sanders,LAC,23,1351.0,-0.7811606792590594,rookie_scale,475497.0,2,-4441147.644734717,taxpayer,2.0,-8882295.289469434
Derrick Jones Jr.,LAC,28,1350.0,-0.1962633802415934,open_negotiation,10000000.0,2,-17045602.27117386,taxpayer,2.0,-34091204.54234772
Aaron Nesmith,IND,26,1335.0,-0.9848889519505364,open_negotiation,11000000.0,4,-63342939.365619585,above_cap_below_tax,1.0,-63342939.365619585
Kris Murray,POR,25,1333.0,-0.4279221419310954,min,3132000.0,2,-7163652.684990132,above_cap_below_tax,1.0,-7163652.684990132
Stephen Curry,GSW,37,1329.0,0.9045264802688059,max,59606817.0,2,-108235669.13257635,first_apron,2.8,-303059873.5712137
Jordan Miller,LAC,26,1325.0,0.05182508085851149,min,712637.0,2,1807837.7973824996,taxpayer,2.0,3615675.594764999
Drake Powell,BRK,20,1320.0,-1.4712080545043844,rookie_scale,3372240.0,4,-33330015.307859197,below_cap,0.5,-16665007.653929599
Jericho Sims,MIL,27,1318.0,-0.5297862782768339,min,2461463.0,2,-4857916.003096167,above_cap_below_tax,1.0,-4857916.003096167
Dean Wade,CLE,29,1318.0,-0.05825390519252844,open_negotiation,6623456.0,1,-4567942.633215544,second_apron,3.1,-14160622.162968187
Isaiah Stewart,DET,24,1317.0,0.10604308891350117,open_negotiation,15000000.0,3,-35055338.63331069,above_cap_below_tax,1.0,-35055338.63331069
Egor DÑmin,BRK,19,1308.0,-0.6858684226775622,rookie_scale,6889200.0,4,-33690700.71410764,below_cap,0.5,-16845350.35705382
Alex Sarr,WAS,20,1305.0,-0.215979019534317,rookie_scale,11808240.0,3,-34057093.316725835,above_cap_below_tax,1.0,-34057093.316725835
Yves Missi,NOP,21,1297.0,-0.39013383328670853,rookie_scale,3353040.0,3,-10200319.117386699,above_cap_below_tax,1.0,-10200319.117386699
Nicolas Batum,LAC,37,1295.0,-0.44928075116487926,open_negotiation,5601600.0,2,-9945964.937712815,taxpayer,2.0,-19891929.87542563
Ziaire Williams,BRK,24,1281.0,-0.5708605268033413,open_negotiation,6250000.0,2,-12371365.852023661,below_cap,0.5,-6185682.926011831
Jordan Clarkson,NYK,33,1279.0,-0.7433723706146725,open_negotiation,12947835.0,1,-13723883.82664345,first_apron,2.3,-31564932.801279932
Jaylin Williams,OKC,23,1277.0,0.4609245961825256,rookie_scale,8450704.0,3,-10745624.105310299,above_cap_below_tax,1.0,-10745624.105310299
Kevin Porter Jr.,MIL,25,1261.0,0.1586181270274309,open_negotiation,5134000.0,2,-4504893.15716048,above_cap_below_tax,1.0,-4504893.15716048
Collin Murray-Boyles,TOR,20,1246.0,0.22269395472878245,rookie_scale,6332520.0,4,-14089247.630600473,above_cap_below_tax,1.0,-14089247.630600473
Nolan TraorÃ©,BRK,19,1243.0,-1.8063739224806852,rookie_scale,3811560.0,4,-43380638.73147091,below_cap,0.5,-21690319.365735456
Adem Bona,PHI,22,1234.0,-0.5347151881000148,rookie_scale,1955377.0,3,-6446356.916608004,above_cap_below_tax,1.0,-6446356.916608004
Andre Drummond,PHI,32,1231.0,-0.14204537218660357,open_negotiation,5000000.0,1,-3290792.8007570864,above_cap_below_tax,1.0,-3290792.8007570864
Pat Spencer,GSW,29,1229.0,-0.6924403024418033,min,857804.0,1,-1423352.999314278,first_apron,2.8,-3985388.398079978
Zach LaVine,SAC,30,1224.0,-0.5757894366265223,max,47499660.0,2,-94141856.99310815,above_cap_below_tax,1.0,-94141856.99310815
Jordan Walsh,BOS,21,1212.0,0.056753990681692276,rookie_scale,2221677.0,2,449648.6641188926,first_apron,2.3,1034191.9274734529
Jaxson Hayes,LAL,25,1207.0,0.3869909488348122,min,3449323.0,1,446366.2766620647,first_apron,2.8,1249825.574653781
Joel Embiid,PHI,31,1201.0,0.7270857266342937,max,55224526.0,4,-207474556.41926938,above_cap_below_tax,1.0,-207474556.41926938
Santi Aldama,MEM,25,1198.0,-0.012250746842840065,open_negotiation,18485916.0,3,-43687317.05316601,above_cap_below_tax,1.0,-43687317.05316601
Daniel Gafford,DAL,27,1195.0,0.1504032773221293,open_negotiation,14386320.0,4,-52932451.2439414,above_cap_below_tax,1.0,-52932451.2439414
Danny Wolf,BRK,21,1187.0,-0.8353786873140493,rookie_scale,2801280.0,4,-18905027.795871496,below_cap,0.5,-9452513.897935748
Jimmy Butler,GSW,36,1182.0,1.0786812940211974,max,54126450.0,2,-95936656.55656582,first_apron,2.8,-268622638.3583843
Mouhamed Gueye,ATL,23,1179.0,-0.34577364487808054,rookie_scale,2221677.0,2,-2863160.075359295,above_cap_below_tax,1.0,-2863160.075359295
GG Jackson II,MEM,21,1178.0,-0.5757894366265223,rookie_scale,2221677.0,2,-4897311.938023003,above_cap_below_tax,1.0,-4897311.938023003
Bones Hyland,MIN,25,1177.0,0.11918684844198371,min,2296274.0,1,492593.6039312519,first_apron,2.3,1132965.2890418794
Mitchell Robinson,NYK,27,1175.0,0.7845896745714044,open_negotiation,12954546.0,1,-7415600.006768262,first_apron,2.3,-17055880.015567
Simone Fontecchio,MIA,30,1173.0,-0.14040240224554332,open_negotiation,8307692.0,1,-6591694.483746468,above_cap_below_tax,1.0,-6591694.483746468
Landry Shamet,NYK,28,1171.0,-0.2291227790627994,min,2296274.0,1,-946953.6023198662,first_apron,2.3,-2177993.285335692
Day'Ron Sharpe,BRK,24,1160.0,0.14054545767576757,open_negotiation,6250000.0,2,-6573814.304989705,below_cap,0.5,-3286907.1524948524
Quinten Post,GSW,25,1159.0,-0.43285105175427635,min,1955377.0,1,-1448055.9116365581,first_apron,2.8,-4054556.5525823627
Svi Mykhailiuk,UTA,28,1156.0,-0.6530090238563562,open_negotiation,3675000.0,3,-11807013.804121718,above_cap_below_tax,1.0,-11807013.804121718
Caris LeVert,DET,31,1154.0,-0.39341977316882915,open_negotiation,14104000.0,2,-26765515.165230587,above_cap_below_tax,1.0,-26765515.165230587
Jakob Poeltl,TOR,30,1149.0,0.27198305296059133,open_negotiation,19500000.0,5,-95993145.12140557,above_cap_below_tax,1.0,-95993145.12140557
Craig Porter Jr.,CLE,25,1148.0,0.11425793861880278,min,2221677.0,2,891859.3223273933,second_apron,3.1,2764763.8992149197
Gary Payton II,GSW,33,1142.0,0.18490564608439566,min,2296274.0,1,764206.2843559915,first_apron,2.8,2139777.5961967763
Dru Smith,MIA,28,1141.0,0.14711733744000877,min,2378870.0,3,726529.7725460094,above_cap_below_tax,1.0,726529.7725460094
Isaiah Hartenstein,OKC,27,1137.0,0.7911615543356454,open_negotiation,28500000.0,2,-44870062.82932392,above_cap_below_tax,1.0,-44870062.82932392
Paul George,PHI,35,1135.0,0.020608651978365915,max,51666090.0,3,-147773833.38820976,above_cap_below_tax,1.0,-147773833.38820976
Jarred Vanderbilt,LAL,26,1128.0,-0.5380011279821353,open_negotiation,11571429.0,3,-35148852.81168315,first_apron,2.8,-98416787.8727128
De'Anthony Melton,GSW,27,1125.0,-0.8074481983160242,min,3080921.0,2,-8304196.5502839,first_apron,2.8,-23251750.34079492
Luka Garza,BOS,27,1118.0,0.525000423883877,min,2461463.0,2,3527449.4128477694,first_apron,2.3,8113133.649549869
Jalen Smith,CHI,25,1095.0,-0.2734829674714274,open_negotiation,9000000.0,2,-15703150.696469959,above_cap_below_tax,1.0,-15703150.696469959
Kentavious Caldwell-Pope,MEM,32,1088.0,-0.8074481983160242,open_negotiation,21621500.0,2,-43901989.03489412,above_cap_below_tax,1.0,-43901989.03489412
Hugo GonzÃ¡lez,BOS,19,1084.0,-0.47228233033972344,rookie_scale,2783880.0,4,-13703394.947661694,first_apron,2.3,-31517808.379621893
Jusuf NurkiÄ,UTA,31,1083.0,-0.23240871894492,open_negotiation,19375000.0,1,-18039260.236341104,above_cap_below_tax,1.0,-18039260.236341104
Miles McBride,NYK,25,1080.0,-0.03525232601768418,open_negotiation,4333333.0,2,-3902702.999892489,first_apron,2.3,-8976216.899752725
Gradey Dick,TOR,22,1067.0,-0.8255208676676874,rookie_scale,4990560.0,2,-14141003.029889356,above_cap_below_tax,1.0,-14141003.029889356
Giannis Antetokounmpo,MIL,31,1039.0,1.274194717007373,max,54126450.0,3,-146442547.11386093,above_cap_below_tax,1.0,-146442547.11386093
Tyler Herro,MIA,26,1033.0,0.004178952567762999,open_negotiation,31000000.0,2,-57911813.92104435,above_cap_below_tax,1.0,-57911813.92104435
Alex Caruso,OKC,31,1020.0,-0.023751536430262194,open_negotiation,18102000.0,4,-66923606.759522185,above_cap_below_tax,1.0,-66923606.759522185
Franz Wagner,ORL,24,1019.0,0.11425793861880278,max,38661750.0,5,-189904903.5125202,above_cap_below_tax,1.0,-189904903.5125202
Robert Williams,POR,28,1008.0,0.6153637706421935,open_negotiation,13285713.0,1,-8446169.658861967,above_cap_below_tax,1.0,-8446169.658861967
Aaron Gordon,DEN,30,1005.0,0.046896171035330704,open_negotiation,22841455.0,4,-112403133.90582924,above_cap_below_tax,1.0,-112403133.90582924
Nae'Qwan Tomlin,CLE,25,1004.0,-0.5166425187483514,min,718150.0,2,-2700063.7260143864,second_apron,3.1,-8370197.550644598
Mike Conley,MIN,38,991.0,-0.4772112401629044,open_negotiation,11499872.0,1,-11175889.470923258,first_apron,2.3,-25704545.783123493
Olivier-Maxence Prosper,MEM,23,984.0,-0.26198217788400535,rookie_scale,1002360.0,3,519522.6853251157,above_cap_below_tax,1.0,519522.6853251157
Justin Edwards,PHI,22,977.0,-0.5100706389841103,rookie_scale,2048494.0,3,-6461674.869861454,above_cap_below_tax,1.0,-6461674.869861454
Goga Bitadze,ORL,26,972.0,0.3771331291884505,open_negotiation,8333333.0,2,-8068228.824589864,above_cap_below_tax,1.0,-8068228.824589864
Al Horford,GSW,39,969.0,-0.13383052248130212,open_negotiation,5685000.0,2,-7820363.215923673,first_apron,2.8,-21897017.004586283
T.J. McConnell,IND,33,963.0,0.03703835138896883,open_negotiation,10200000.0,4,-32564721.081432622,above_cap_below_tax,1.0,-32564721.081432622
Anthony Gill,WAS,33,951.0,-0.6875113926186224,min,2296274.0,1,-2841452.048282422,above_cap_below_tax,1.0,-2841452.048282422
Kasparas JakuÄionis,MIA,19,945.0,-0.3227720657032364,rookie_scale,3658800.0,4,-14019690.642711997,above_cap_below_tax,1.0,-14019690.642711997
Jalen Williams,OKC,24,936.0,0.05839696062275269,open_negotiation,6580997.0,6,-200080968.69245046,above_cap_below_tax,1.0,-200080968.69245046
Jordan Poole,NOP,26,933.0,-1.022677260594923,open_negotiation,31848215.0,2,-68000311.00536679,above_cap_below_tax,1.0,-68000311.00536679
Clint Capela,HOU,31,926.0,-0.11904379301175946,open_negotiation,6700000.0,3,-14802519.234161085,first_apron,2.3,-34045794.23857049
Ben Saraf,BRK,19,916.0,-1.5911448602017861,rookie_scale,2884560.0,4,-35803627.90461193,below_cap,0.5,-17901813.952305965
Micah Peavy,NOP,24,913.0,-1.1228984269996014,min,1272870.0,4,-16922216.338886507,above_cap_below_tax,1.0,-16922216.338886507
Karlo MatkoviÄ,NOP,24,912.0,-0.16833289124356837,min,1955377.0,2,-1030916.8485605898,above_cap_below_tax,1.0,-1030916.8485605898
Josh Green,CHO,25,908.0,-0.43285105175427635,open_negotiation,13666667.0,2,-26656194.39890947,above_cap_below_tax,1.0,-26656194.39890947
Micah Potter,IND,27,908.0,-0.18476259065417128,min,1527805.0,2,-1181381.4651705793,above_cap_below_tax,1.0,-1181381.4651705793
Dwight Powell,DAL,34,904.0,-0.40656353269731155,open_negotiation,4000000.0,1,-3384033.839466662,above_cap_below_tax,1.0,-3384033.839466662
Paul Reed,DET,26,901.0,0.5710035822335655,open_negotiation,5335894.0,2,-1603578.2904983596,above_cap_below_tax,1.0,-1603578.2904983596
Jaylen Clark,MIN,24,888.0,-0.6431512042099945,min,2191897.0,1,-2553736.4889957244,first_apron,2.3,-5873593.924690166
Bryce McGowens,NOP,23,880.0,-0.6875113926186224,rookie_scale,724598.0,3,-7627952.578622591,above_cap_below_tax,1.0,-7627952.578622591
Jonas ValanÄiÅ«nas,DEN,33,871.0,-0.22419386923961854,open_negotiation,10395000.0,2,-17124314.814685076,above_cap_below_tax,1.0,-17124314.814685076
Trendon Watford,PHI,25,864.0,-0.6480801140331753,min,2461463.0,2,-5875631.954339559,above_cap_below_tax,1.0,-5875631.954339559
Julian Strawther,DEN,23,861.0,-0.7088700018524062,rookie_scale,2674200.0,2,-8596129.157923775,above_cap_below_tax,1.0,-8596129.157923775
Jalen Wilson,BRK,25,859.0,-1.2001180142294352,min,2221677.0,1,-4885433.955595388,below_cap,0.5,-2442716.977797694
Caleb Martin,DAL,30,856.0,-0.7302286110861901,open_negotiation,9594044.0,3,-29075813.04462663,above_cap_below_tax,1.0,-29075813.04462663
Kenrich Williams,OKC,31,855.0,-0.27841187729460837,open_negotiation,7163000.0,2,-11653531.10364657,above_cap_below_tax,1.0,-11653531.10364657
Jalen Green,PHO,23,828.0,-0.740086430732552,open_negotiation,33584499.0,3,-103180701.41277304,above_cap_below_tax,1.0,-103180701.41277304
Carter Bryant,SAS,20,818.0,-0.7532301902610344,rookie_scale,4900320.0,4,-26604463.6563821,above_cap_below_tax,1.0,-26604463.6563821
Nikola JoviÄ,MIA,22,808.0,-1.011176471007501,rookie_scale,4445417.0,5,-69661269.82649094,above_cap_below_tax,1.0,-69661269.82649094
Jalen Pickett,DEN,26,807.0,-0.7581591000842152,min,2221677.0,2,-6117917.082540566,above_cap_below_tax,1.0,-6117917.082540566
Keegan Murray,SAC,25,793.0,-0.9339568837776671,open_negotiation,11144093.0,6,-139072700.60429144,above_cap_below_tax,1.0,-139072700.60429144
Aaron Holiday,HOU,29,781.0,-0.6924403024418033,min,2296274.0,1,-2861822.999314278,first_apron,2.3,-6582192.898422839
Jabari Walker,PHI,23,762.0,-0.6431512042099945,rookie_scale,724598.0,2,-3972455.503247163,above_cap_below_tax,1.0,-3972455.503247163
Noah Penda,ORL,21,757.0,-0.6530090238563562,rookie_scale,1272870.0,4,-10568293.210015671,above_cap_below_tax,1.0,-10568293.210015671
Scoot Henderson,POR,21,748.0,-0.7137989116755872,rookie_scale,10748040.0,2,-25237254.047754392,above_cap_below_tax,1.0,-25237254.047754392
Thomas Bryant,CLE,28,732.0,-0.3227720657032364,min,2296274.0,1,-1334001.6719251198,second_apron,3.1,-4135405.1829678714
Steven Adams,HOU,32,730.0,-0.3999916529330704,open_negotiation,14130434.0,3,-34923790.36343099,first_apron,2.3,-80324717.83589128
Lonzo Ball,CLE,28,728.0,-0.6907973325007429,open_negotiation,10000000.0,1,-10558758.68230366,second_apron,3.1,-32732151.915141344
Tyler Kolek,NYK,24,727.0,-0.5149995488072913,min,2191897.0,3,-6235544.819174599,first_apron,2.3,-14341753.084101576
Grant Williams,CHO,27,711.0,-0.2554102981197642,open_negotiation,13645500.0,2,-24779193.089602962,above_cap_below_tax,1.0,-24779193.089602962
Devin Carter,SAC,23,700.0,-0.8895966953690391,rookie_scale,4923720.0,3,-20754985.270786904,above_cap_below_tax,1.0,-20754985.270786904
Jett Howard,ORL,22,695.0,-0.6645098134437784,rookie_scale,5529720.0,2,-13542338.08592961,above_cap_below_tax,1.0,-13542338.08592961
Jordan Hawkins,NOP,23,692.0,-1.254336022284425,rookie_scale,4741320.0,2,-17222910.939358715,above_cap_below_tax,1.0,-17222910.939358715
Rasheer Fleming,PHO,21,673.0,-0.8797388757226773,rookie_scale,1272870.0,4,-14436974.271141216,above_cap_below_tax,1.0,-14436974.271141216
Tre Mann,CHO,24,669.0,-1.099896847824757,open_negotiation,8000000.0,3,-29480164.352449678,above_cap_below_tax,1.0,-29480164.352449678
Gary Harris,MIL,31,661.0,-0.8074481983160242,open_negotiation,3634153.0,2,-9025821.263123536,above_cap_below_tax,1.0,-9025821.263123536
Johnny Furphy,IND,21,643.0,-0.9290279739544863,rookie_scale,1955377.0,3,-11720052.29101814,above_cap_below_tax,1.0,-11720052.29101814
Mohamed Diawara,NYK,20,634.0,-0.7302286110861901,rookie_scale,1272870.0,1,-1994596.290558503,first_apron,2.3,-4587571.468284557
Zeke Nnaji,DEN,25,626.0,-0.8633091763120743,open_negotiation,8177778.0,3,-25665445.796603583,above_cap_below_tax,1.0,-25665445.796603583
Anthony Davis,DAL,32,626.0,-0.35398849458338205,max,54126450.0,3,-163910635.81432188,above_cap_below_tax,1.0,-163910635.81432188
Dorian Finney-Smith,HOU,32,620.0,-0.9733881623631142,open_negotiation,12700000.0,4,-52969929.356306285,first_apron,2.3,-121830837.51950444
Kam Jones,IND,23,616.0,-1.1442570362333853,rookie_scale,1272870.0,4,-17616871.30878051,above_cap_below_tax,1.0,-17616871.30878051
Kevin Love,UTA,37,613.0,-0.5642886470391001,open_negotiation,4150000.0,1,-4185904.272486036,above_cap_below_tax,1.0,-4185904.272486036
Taurean Prince,MIL,31,611.0,-0.8846677855458581,min,3303774.0,2,-9292267.616037432,above_cap_below_tax,1.0,-9292267.616037432
Jase Richardson,ORL,20,587.0,-0.7581591000842152,rookie_scale,2983320.0,4,-19156064.376800165,above_cap_below_tax,1.0,-19156064.376800165
Tidjane SalaÃ¼n,CHO,20,575.0,-0.5593597372159193,rookie_scale,7863240.0,3,-26057767.16005435,above_cap_below_tax,1.0,-26057767.16005435
Ja Morant,MEM,26,569.0,-0.78444661914118,max,39446090.0,3,-122874385.87974735,above_cap_below_tax,1.0,-122874385.87974735
Domantas Sabonis,SAC,29,564.0,-0.5199284586304721,max,42336000.0,3,-128965716.93246293,above_cap_below_tax,1.0,-128965716.93246293
Dalton Knecht,LAL,24,553.0,-0.9010974849564611,open_negotiation,4010160.0,3,-18088452.563664667,first_apron,2.8,-50647667.178261064
Drew Eubanks,SAC,28,552.0,-0.8682380861352552,min,2296274.0,1,-3588386.919450456,above_cap_below_tax,1.0,-3588386.919450456
Tyrese Proctor,CLE,21,545.0,-0.8074481983160242,rookie_scale,1272870.0,4,-13203481.758898288,second_apron,3.1,-40930793.45258469
Terrence Shannon Jr.,MIN,25,538.0,-0.8025192884928433,min,2674080.0,3,-12814524.681304593,first_apron,2.3,-29473406.76700056
Keaton Wallace,ATL,26,536.0,-0.8074481983160242,min,2296274.0,1,-3337145.190057572,above_cap_below_tax,1.0,-3337145.190057572
Cole Anthony,MIL,25,527.0,-1.137685156469144,open_negotiation,5996274.0,3,-19712398.97699365,above_cap_below_tax,1.0,-19712398.97699365
Jayson Tatum,BOS,27,522.0,-0.215979019534317,max,54126450.0,5,-276815420.8491927,first_apron,2.3,-636675467.9531431
Jonathan Isaac,ORL,28,521.0,-0.6858684226775622,open_negotiation,15000000.0,4,-56187429.640241265,above_cap_below_tax,1.0,-56187429.640241265
Jamison Battle,TOR,24,517.0,-0.7745887994948183,min,1955377.0,2,-5971555.464855118,above_cap_below_tax,1.0,-5971555.464855118
Asa Newell,ATL,20,500.0,-0.6365793244457533,rookie_scale,3237480.0,4,-17841606.772056676,above_cap_below_tax,1.0,-17841606.772056676
Ariel Hukporti,NYK,23,498.0,-0.6809395128543813,rookie_scale,1955377.0,1,-2473393.7802399485,first_apron,2.3,-5688805.694551881
D'Angelo Russell,DAL,29,495.0,-0.878095905781617,open_negotiation,5685000.0,2,-13784397.259109741,above_cap_below_tax,1.0,-13784397.259109741
Cam Christie,LAC,20,480.0,-0.9783170721862952,rookie_scale,1955377.0,3,-12845342.835004795,taxpayer,2.0,-25690685.67000959
Matisse Thybulle,POR,28,480.0,-0.309628306174754,open_negotiation,11550000.0,1,-10533405.135840172,above_cap_below_tax,1.0,-10533405.135840172
Maxi Kleber,LAL,34,461.0,-0.8682380861352552,open_negotiation,11000000.0,1,-12292112.919450456,first_apron,2.8,-34417916.174461275
Marcus Sasser,DET,25,457.0,-0.7466583104967932,min,2886720.0,2,-9379789.899392962,above_cap_below_tax,1.0,-9379789.899392962
Bogdan BogdanoviÄ,LAC,33,452.0,-0.8895966953690391,open_negotiation,16020000.0,2,-33494695.775271676,taxpayer,2.0,-66989391.55054335
Larry Nance Jr.,CLE,33,449.0,-0.8682380861352552,min,2296274.0,1,-3588386.919450456,second_apron,3.1,-11123999.450296413
Doug McDermott,SAC,34,439.0,-0.9783170721862952,min,2296274.0,1,-4043338.1591618946,above_cap_below_tax,1.0,-4043338.1591618946
Moritz Wagner,ORL,28,427.0,-0.7302286110861901,open_negotiation,5000000.0,1,-5721726.290558503,above_cap_below_tax,1.0,-5721726.290558503
Yanic Konan NiederhÃ¤user,LAC,22,424.0,-0.6645098134437784,rookie_scale,2743800.0,4,-15238143.379057452,taxpayer,2.0,-30476286.758114904
Obi Toppin,IND,27,424.0,-0.47556827022184406,open_negotiation,14000000.0,3,-41692267.66491249,above_cap_below_tax,1.0,-41692267.66491249
Khaman Maluach,PHO,19,411.0,-0.8353786873140493,rookie_scale,6016080.0,4,-32924354.63572941,above_cap_below_tax,1.0,-32924354.63572941
Myron Gardner,MIA,24,411.0,-0.5149995488072913,min,395029.0,3,-4335533.327111106,above_cap_below_tax,1.0,-4335533.327111106
Andre Jackson Jr.,MIL,24,408.0,-1.1656156454671691,min,2221677.0,2,-9529199.473661423,above_cap_below_tax,1.0,-9529199.473661423
Killian Hayes,SAC,24,406.0,-1.1048257576479381,min,263940.0,1,-2533858.5689795176,above_cap_below_tax,1.0,-2533858.5689795176
Jae'Sean Tate,HOU,30,405.0,-0.8353786873140493,min,2296274.0,1,-3452580.5792380865,first_apron,2.3,-7940935.332247598
Dejounte Murray,NOP,29,389.0,-0.646437144092115,open_negotiation,30801103.0,3,-90562951.51996039,above_cap_below_tax,1.0,-90562951.51996039
Bronny James,LAL,21,375.0,-0.9503865831882701,rookie_scale,1955377.0,3,-11993359.827959051,first_apron,2.8,-33581407.51828534
Nick Smith Jr.,LAL,21,375.0,-0.9947467715968981,rookie_scale,2710680.0,1,-4525647.329268079,first_apron,2.8,-12671812.521950621
Cameron Payne,PHI,31,374.0,-0.6579379336795371,min,712637.0,1,-1135589.3420912903,above_cap_below_tax,1.0,-1135589.3420912903
Liam McNeeley,CHO,20,368.0,-0.6858684226775622,rookie_scale,2763960.0,4,-16830560.88045937,above_cap_below_tax,1.0,-16830560.88045937
Blake Wesley,POR,22,361.0,-0.873166995958436,rookie_scale,5643732.0,1,-6956215.870482311,above_cap_below_tax,1.0,-6956215.870482311
Kelly Olynyk,SAS,34,360.0,-0.6250785348583311,open_negotiation,13445122.0,1,-13732268.001878921,above_cap_below_tax,1.0,-13732268.001878921
Malachi Smith,BRK,26,359.0,-0.7187278214987681,min,73153.0,1,-747347.0714841741,below_cap,0.5,-373673.53574208706
Cam Whitmore,WAS,21,354.0,-0.922456094190245,rookie_scale,3539760.0,2,-12052573.778850552,above_cap_below_tax,1.0,-12052573.778850552
E.J. Liddell,BRK,25,349.0,-0.84030759713723,min,706898.0,2,-3677456.987669885,below_cap,0.5,-1838728.4938349426
Ty Jerome,MEM,28,339.0,-0.309628306174754,open_negotiation,8781000.0,3,-23256629.305721648,above_cap_below_tax,1.0,-23256629.305721648
Joan Beringer,MIN,19,314.0,-0.5429300378053162,rookie_scale,4201080.0,4,-20673328.306138854,first_apron,2.3,-47548655.10411936
Kevon Looney,NOP,29,308.0,-0.7630880099073961,open_negotiation,8000000.0,2,-17130037.484570727,above_cap_below_tax,1.0,-17130037.484570727
Yang Hansen,POR,20,300.0,-1.2264055332864001,rookie_scale,4422360.0,4,-33244874.16626295,above_cap_below_tax,1.0,-33244874.16626295
Pat Connaughton,CHO,33,297.0,-0.67436763309014,open_negotiation,10739683.0,2,-14970208.41400492,above_cap_below_tax,1.0,-14970208.41400492
Max Strus,CLE,29,288.0,-0.7187278214987681,open_negotiation,15936452.0,2,-32966447.58513969,second_apron,3.1,-102195987.51393305
Lindy Waters III,SAS,28,285.0,-0.8567372965478331,min,2296274.0,1,-3540854.700376127,above_cap_below_tax,1.0,-3540854.700376127
Zach Edey,MEM,23,284.0,-0.6579379336795371,rookie_scale,6045000.0,3,-20815043.768851742,above_cap_below_tax,1.0,-20815043.768851742
Jordan McLaughlin,SAS,29,282.0,-0.6907973325007429,min,2296274.0,1,-2855032.682303659,above_cap_below_tax,1.0,-2855032.682303659
Keshad Johnson,MIA,24,280.0,-0.735157520909371,min,1955377.0,1,-2697474.241590359,above_cap_below_tax,1.0,-2697474.241590359
Malaki Branham,WAS,22,275.0,-0.812377108139205,rookie_scale,4962033.0,1,-6023275.141089427,above_cap_below_tax,1.0,-6023275.141089427
Chaz Lanier,DET,24,262.0,-0.9175271843670642,min,1372870.0,4,-13822271.086721133,above_cap_below_tax,1.0,-13822271.086721133
Duop Reath,POR,29,258.0,-0.735157520909371,min,2221677.0,1,-2963774.241590359,above_cap_below_tax,1.0,-2963774.241590359
Jonathan Mogbo,TOR,24,249.0,-0.735157520909371,min,1955377.0,2,-5650213.1158278305,above_cap_below_tax,1.0,-5650213.1158278305
Adama-Alpha Bal,MEM,22,241.0,-0.9175271843670642,rookie_scale,117045.0,1,-1612867.4297690107,above_cap_below_tax,1.0,-1612867.4297690107
Drew Timme,LAL,25,235.0,-0.812377108139205,min,1955377.0,1,-3016619.1410894273,first_apron,2.8,-8446533.595050396
Chris Paul,LAC,40,228.0,-0.906026394779642,min,2296274.0,1,-3744564.2106946805,taxpayer,2.0,-7489128.421389361
Lucas Williamson,MEM,27,224.0,-1.011176471007501,min,21946.0,1,-1904816.4993742635,above_cap_below_tax,1.0,-1904816.4993742635
JD Davison,HOU,23,218.0,-0.7959474087286021,rookie_scale,2270735.0,1,-3264073.9709832426,first_apron,2.3,-7507370.133261457
Scotty Pippen Jr.,MEM,25,212.0,-0.8616662063710141,min,2270735.0,3,-10729599.33065722,above_cap_below_tax,1.0,-10729599.33065722
DaRon Holmes,DEN,23,210.0,-0.7680169197305771,rookie_scale,3218760.0,3,-14219001.32948406,above_cap_below_tax,1.0,-14219001.32948406
DeAndre Jordan,NOP,37,199.0,-0.735157520909371,min,2269880.0,1,-3011977.241590359,above_cap_below_tax,1.0,-3011977.241590359
Garrison Mathews,IND,29,196.0,-0.812377108139205,min,429325.0,1,-1490567.1410894273,above_cap_below_tax,1.0,-1490567.1410894273
Nigel Hayes-Davis,PHO,31,195.0,-1.027606170418104,min,2048494.0,1,-3999267.6694804486,above_cap_below_tax,1.0,-3999267.6694804486
Zach Collins,CHI,28,184.0,-0.7515872203199742,open_negotiation,18080496.0,1,-18890496.411696546,above_cap_below_tax,1.0,-18890496.411696546
Dariq Whitehead,MEM,21,183.0,-1.0440358698287069,rookie_scale,3262560.0,1,-5281236.839586633,above_cap_below_tax,1.0,-5281236.839586633
Tre Scott,BRK,29,182.0,-0.9503865831882701,min,129503.0,1,-1761131.7699813796,below_cap,0.5,-880565.8849906898
Jeff Green,HOU,39,175.0,-0.9339568837776671,min,2296274.0,1,-3859999.5998751954,first_apron,2.3,-8877999.07971295
Tyler Smith,DAL,21,166.0,-0.906026394779642,rookie_scale,1955377.0,1,-3403667.2106946805,above_cap_below_tax,1.0,-3403667.2106946805
Hunter Tyson,DEN,25,162.0,-0.9668162825988731,min,2221677.0,1,-3921208.9400875648,above_cap_below_tax,1.0,-3921208.9400875648
Nikola TopiÄ,OKC,20,160.0,-1.011176471007501,rookie_scale,5182920.0,3,-24025053.2852121,above_cap_below_tax,1.0,-24025053.2852121
Walker Kessler,UTA,24,154.0,-0.7072270319113461,open_negotiation,4878938.0,1,-5505599.852409845,above_cap_below_tax,1.0,-5505599.852409845
Joe Ingles,MIN,38,153.0,-0.7680169197305771,min,2296274.0,1,-3174177.5818027286,first_apron,2.3,-7300608.4381462755
Adou Thiero,LAL,21,149.0,-0.8895966953690391,rookie_scale,1272870.0,3,-10429834.038448349,first_apron,2.8,-29203535.307655375
Thanasis Antetokounmpo,MIL,33,148.0,-0.845236506960411,min,2296274.0,1,-3493322.481301797,above_cap_below_tax,1.0,-3493322.481301797
Amari Williams,BOS,24,146.0,-0.845236506960411,min,490128.0,2,-4943612.45924329,first_apron,2.3,-11370308.656259567
Bismack Biyombo,SAS,33,141.0,-0.8895966953690391,min,2296274.0,1,-3676661.0405884963,above_cap_below_tax,1.0,-3676661.0405884963
PacÃ´me Dadiet,NYK,20,136.0,-0.845236506960411,rookie_scale,2847600.0,3,-15240290.085701473,first_apron,2.3,-35052667.19711339
Seth Curry,GSW,35,133.0,-0.7680169197305771,min,1755198.0,1,-2633101.5818027286,first_apron,2.8,-7372684.4290476395
Bradley Beal,LAC,32,121.0,-1.0440358698287069,open_negotiation,24737010.0,5,-103666978.44276458,taxpayer,2.0,-207333956.88552916
Kobe Bufkin,LAL,22,119.0,-0.983245982009476,rookie_scale,5480297.0,1,-7247732.11019375,first_apron,2.8,-20293649.9085425
Kyle Lowry,PHI,39,118.0,-1.0440358698287069,min,2296274.0,1,-4314950.839586633,above_cap_below_tax,1.0,-4314950.839586633
Dereck Lively II,DAL,21,115.0,-0.78444661914118,rookie_scale,5253360.0,2,-14295584.192928683,above_cap_below_tax,1.0,-14295584.192928683
Alondes Williams,WAS,26,101.0,-0.78444661914118,min,131970.0,1,-1077776.7519089133,above_cap_below_tax,1.0,-1077776.7519089133
Chris Boucher,BOS,33,94.0,-0.8616662063710141,min,2296274.0,1,-3561225.651407982,first_apron,2.3,-8190818.998238359
Haywood Highsmith,PHO,29,91.0,-0.7515872203199742,open_negotiation,6443984.0,2,-10739069.316640636,above_cap_below_tax,1.0,-10739069.316640636
Caleb Houstan,ATL,23,75.0,-0.845236506960411,rookie_scale,699440.0,1,-1896488.481301797,above_cap_below_tax,1.0,-1896488.481301797
Eric Gordon,PHI,37,74.0,-0.800876318551783,min,2296274.0,1,-3309983.922015098,above_cap_below_tax,1.0,-3309983.922015098
Garrett Temple,TOR,39,73.0,-0.922456094190245,min,2296274.0,1,-3812467.3808008656,above_cap_below_tax,1.0,-3812467.3808008656
Bobi Klintman,DET,22,71.0,-0.938885793600848,rookie_scale,1955377.0,1,-3539473.5509070503,above_cap_below_tax,1.0,-3539473.5509070503
Kadary Richmond,WAS,24,67.0,-0.800876318551783,min,73153.0,1,-1086862.922015098,above_cap_below_tax,1.0,-1086862.922015098
Monte Morris,IND,30,65.0,-0.922456094190245,min,321184.0,1,-1837377.3808008656,above_cap_below_tax,1.0,-1837377.3808008656
James Wiseman,IND,24,58.0,-0.922456094190245,min,1131970.0,1,-2648163.3808008656,above_cap_below_tax,1.0,-2648163.3808008656
Johni Broome,PHI,23,55.0,-0.999675681420079,rookie_scale,1272870.0,4,-15318387.340185411,above_cap_below_tax,1.0,-15318387.340185411
Lawson Lovering,MEM,22,49.0,-0.8616662063710141,rookie_scale,87784.0,1,-1352735.6514079822,above_cap_below_tax,1.0,-1352735.6514079822
John Tonje,BOS,24,42.0,-0.8616662063710141,min,73153.0,1,-1338104.6514079822,first_apron,2.3,-3077640.698238359
Dario Å ariÄ,SAC,31,41.0,-0.938885793600848,open_negotiation,5426400.0,1,-7010496.55090705,above_cap_below_tax,1.0,-7010496.55090705
Dillon Jones,NYK,24,39.0,-0.8616662063710141,min,2753280.0,1,-4018231.651407982,first_apron,2.3,-9241932.798238358
Skal LabissiÃ¨re,WAS,29,38.0,-0.8616662063710141,min,131970.0,1,-1396921.6514079822,above_cap_below_tax,1.0,-1396921.6514079822
Grant Nelson,BRK,23,35.0,-0.8616662063710141,rookie_scale,73153.0,1,-1338104.6514079822,below_cap,0.5,-669052.3257039911
Brandon Clarke,MEM,29,20.0,-0.878095905781617,open_negotiation,12500000.0,2,-26819159.163871646,above_cap_below_tax,1.0,-26819159.163871646
N'Faly Dante,ATL,24,15.0,-0.878095905781617,min,2048494.0,1,-3381348.821514167,above_cap_below_tax,1.0,-3381348.821514167
Noa Essengue,CHI,19,6.0,-0.8945256051922199,rookie_scale,5429520.0,4,-32132421.11682882,above_cap_below_tax,1.0,-32132421.11682882
